Date,Symbol,Security Name,Client Name,Buy / Sell,Quantity Traded,Trade Price / Wght. Avg. Price,Remarks
03-JAN-2022,LEMONTREE,Lemon Tree Hotels Ltd,GOLDMAN SACHS (SINGAPORE) PTE.- ODI,BUY,3002214,46.6,-
03-JAN-2022,LEMONTREE,Lemon Tree Hotels Ltd,ZAABA PAN ASIA MASTER FUND,SELL,3002214,46.6,-
03-JAN-2022,KIMS,Krishna Institute of Medical Sciences Ltd,GOLDMAN SACHS (SINGAPORE) PTE.- ODI,BUY,72009,1425.65,-
03-JAN-2022,KIMS,Krishna Institute of Medical Sciences Ltd,ZAABA PAN ASIA MASTER FUND,SELL,72009,1425.65,-
04-JAN-2022,LAOPALA,La Opala RG Ltd,MALABAR INDIA FUND LIMITED,SELL,233428,430.65,-
04-JAN-2022,LAOPALA,La Opala RG Ltd,VALUE PARTNERS HIGH-DIVIDEND STOCKS FUND,BUY,233428,430.65,-
04-JAN-2022,NEWGEN,Newgen Software Technologies Ltd,MALABAR INDIA FUND LIMITED,SELL,171999,585.75,-
04-JAN-2022,NEWGEN,Newgen Software Technologies Ltd,VALUE PARTNERS HIGH-DIVIDEND STOCKS FUND,BUY,171999,585.75,-
04-JAN-2022,HATSUN,Hatsun Agro Product Ltd,MALABAR INDIA FUND LIMITED,SELL,112685,1262.15,-
04-JAN-2022,HATSUN,Hatsun Agro Product Ltd,VALUE PARTNERS HIGH-DIVIDEND STOCKS FUND,BUY,112685,1262.15,-
04-JAN-2022,AFFLE,Affle 3I Ltd,MALABAR INDIA FUND LIMITED FDI,SELL,105739,1194.25,-
04-JAN-2022,AFFLE,Affle 3I Ltd,VALUE PARTNERS HIGH-DIVIDEND STOCKS FUND,BUY,105739,1194.25,-
04-JAN-2022,SAREGAMA,Saregama India Ltd,MALABAR INDIA FUND LIMITED,SELL,18773,5388.9,-
04-JAN-2022,SAREGAMA,Saregama India Ltd,VALUE PARTNERS HIGH-DIVIDEND STOCKS FUND,BUY,18773,5388.9,-
04-JAN-2022,INDIAMART,IndiaMART InterMESH Ltd,MALABAR SELECT FUND,SELL,15365,6574.15,-
04-JAN-2022,INDIAMART,IndiaMART InterMESH Ltd,VALUE PARTNERS HIGH-DIVIDEND STOCKS FUND,BUY,15365,6574.15,-
07-JAN-2022,CGPOWER,CG Power and Industrial Solutions Ltd,AMANSA HOLDING PRIVATE LTD.,SELL,17630108,199.0,-
07-JAN-2022,CGPOWER,CG Power and Industrial Solutions Ltd,AMERICAN FUNDS FUNDAMENTAL INVESTORS,BUY,17630108,199.0,-
01-FEB-2022,EMBASSY,EMBASSY,STICHTING PENSIOENFONDS ABP,BUY,4078473,367.74,-
01-FEB-2022,EMBASSY,EMBASSY,STICHTING DEPOSITARY APG TACTICAL REAL ESTATE POOL,SELL,4078473,367.74,-
01-FEB-2022,ASTRON,Astron Paper & Board Mill Ltd,SAMIKSHA  BANGUR,BUY,2140000,46.95,-
01-FEB-2022,ASTRON,Astron Paper & Board Mill Ltd,DWARKESH FINANCE LIMITED,SELL,2140000,46.95,-
07-FEB-2022,RAMCOCEM,The Ramco Cements Ltd,RAMCO INDUSTRIES LTD,BUY,113050,884.75,-
07-FEB-2022,RAMCOCEM,The Ramco Cements Ltd,RAJAPALAYAM MILLS LTD,SELL,113050,884.75,-
08-FEB-2022,HFCL,HFCL Ltd,MN VENTURES PRIVATE LIMITED,BUY,1250000,80.85,-
08-FEB-2022,HFCL,HFCL Ltd,MAHENDRA NAHATA,SELL,1250000,80.85,-
11-FEB-2022,HFCL,HFCL Ltd,MN VENTURES PRIVATE LIMITED,BUY,1210000,83.0,-
11-FEB-2022,HFCL,HFCL Ltd,MAHENDRA NAHATA,SELL,1210000,83.0,-
11-FEB-2022,UNIVPHOTO,Universus Photo Imagings Ltd,ANKIT  JAIN,BUY,405000,979.0,-
11-FEB-2022,UNIVPHOTO,Universus Photo Imagings Ltd,SEETHA  KUMARI,SELL,405000,979.0,-
16-FEB-2022,HFCL,HFCL Ltd,MN VENTURES PRIVATE LIMITED,BUY,1265000,79.3,-
16-FEB-2022,HFCL,HFCL Ltd,MAHENDRA NAHATA,SELL,1265000,79.3,-
21-FEB-2022,LTF,L&T Finance Ltd,BNP PARIBAS ARBITRAGE,BUY,57869992,71.35,-
21-FEB-2022,LTF,L&T Finance Ltd,CITIGROUP GLOBAL MARKETS MAURITIUS PRIVATE LIMITED,SELL,57869992,71.35,-
22-FEB-2022,HDFC,Housing Development Finance Corporation Ltd,BNP PARIBAS ARBITRAGE,BUY,7098149,2436.8,-
22-FEB-2022,HDFC,Housing Development Finance Corporation Ltd,SOCIETE GENERALE,SELL,7098149,2436.8,-
03-MAR-2022,THEINVEST,The Investment Trust Of India Ltd,ELM PARK FUND LIMITED,BUY,1265200,98.5,-
03-MAR-2022,THEINVEST,The Investment Trust Of India Ltd,BOMIN FINANCE LIMITED,SELL,1265200,98.5,-
17-MAY-2022,HDFCBANK,HDFC Bank Ltd,BLACKROCK GLOBAL FUNDS INDIA FUND,BUY,386658,1306.15,-
17-MAY-2022,HDFCBANK,HDFC Bank Ltd,MERRILL LYNCH INDIA EQUITIES FUND (MAURITIUS) LIMITED,SELL,386658,1306.15,-
19-MAY-2022,KOTAKBANK,Kotak Mahindra Bank Ltd,BLACKROCK GLOBAL FUNDS INDIA FUND,BUY,115641,1799.0,-
19-MAY-2022,KOTAKBANK,Kotak Mahindra Bank Ltd,MERRILL LYNCH INDIA EQUITIES FUND (MAURITIUS) LIMITED,SELL,115641,1799.0,-
20-MAY-2022,GREENLAM,Greenlam Industries Ltd,HYDRA TRADING PRIVATE LIMITED,BUY,2000000,300.0,-
20-MAY-2022,GREENLAM,Greenlam Industries Ltd,ASHISH DHAWAN,SELL,2000000,300.0,-
20-MAY-2022,RAYMOND,Raymond Ltd,J.K INVESTORS (BOMBAY) LIMITED,BUY,236000,872.0,-
20-MAY-2022,RAYMOND,Raymond Ltd,J K SPORTS FOUNDATION,SELL,236000,872.0,-
26-MAY-2022,NDLVENTURE,NDL Ventures Ltd,HINDUJA GROUP LIMITED,BUY,700000,347.0,-
26-MAY-2022,NDLVENTURE,NDL Ventures Ltd,AASIA CORPORATION LLP,SELL,700000,347.0,-
31-MAY-2022,NDLVENTURE,NDL Ventures Ltd,HINDUJA GROUP LIMITED,BUY,700879,370.0,-
31-MAY-2022,NDLVENTURE,NDL Ventures Ltd,AASIA CORPORATION LLP,SELL,700879,370.0,-
01-JUN-2022,BATAINDIA,Bata India Ltd,BATA (BN) B V,SELL,1100000,1860.0,-
01-JUN-2022,BATAINDIA,Bata India Ltd,ADITYA BIRLA SUN LIFE MUTUAL FUND,BUY,1100000,1860.0,-
01-JUN-2022,BATAINDIA,Bata India Ltd,BATA (BN) B V,SELL,785000,1860.0,-
01-JUN-2022,BATAINDIA,Bata India Ltd,AXIS MUTUAL FUND,BUY,785000,1860.0,-
01-JUN-2022,BATAINDIA,Bata India Ltd,KOTAK MAHINDRA MUTUAL FUND,BUY,250000,1860.0,-
01-JUN-2022,BATAINDIA,Bata India Ltd,BATA (BN) B V,SELL,250000,1860.0,-
01-JUN-2022,BATAINDIA,Bata India Ltd,BATA (BN) B V,SELL,245000,1860.0,-
01-JUN-2022,BATAINDIA,Bata India Ltd,COPTHALL MAURITIUS INVESTMENT LIMITED,BUY,235000,1860.0,-
01-JUN-2022,BATAINDIA,Bata India Ltd,SOCIETE GENERALE,BUY,205000,1860.0,-
01-JUN-2022,BATAINDIA,Bata India Ltd,BATA (BN) B V,SELL,205000,1860.0,-
01-JUN-2022,BATAINDIA,Bata India Ltd,GHISALLO MASTER FUND LP,BUY,200000,1860.0,-
01-JUN-2022,BATAINDIA,Bata India Ltd,BATA (BN) B V,SELL,200000,1860.0,-
01-JUN-2022,BATAINDIA,Bata India Ltd,SEGANTII INDIA MAURITIUS,BUY,200000,1860.0,-
01-JUN-2022,BATAINDIA,Bata India Ltd,BATA (BN) B V,SELL,175000,1860.0,-
01-JUN-2022,BATAINDIA,Bata India Ltd,HDFC MUTUAL FUND,BUY,175000,1860.0,-
01-JUN-2022,BATAINDIA,Bata India Ltd,INTEGRATED CORE STRATEGIES (ASIA) PTE.LTD.,BUY,165000,1860.0,-
01-JUN-2022,BATAINDIA,Bata India Ltd,BATA (BN) B V,SELL,165000,1860.0,-
01-JUN-2022,BATAINDIA,Bata India Ltd,BATA (BN) B V,SELL,105000,1860.0,-
01-JUN-2022,BATAINDIA,Bata India Ltd,MIRAE ASSET MUTUAL FUND,BUY,105000,1860.0,-
01-JUN-2022,BATAINDIA,Bata India Ltd,HDFC STANDARD LIFE INSURANCE CO LTD,BUY,105000,1860.0,-
01-JUN-2022,BATAINDIA,Bata India Ltd,TATA MUTUAL FUND,BUY,65000,1860.0,-
01-JUN-2022,BATAINDIA,Bata India Ltd,BATA (BN) B V,SELL,65000,1860.0,-
01-JUN-2022,BATAINDIA,Bata India Ltd,COPTHALL MAURITIUS INVESTMENT LIMITED,BUY,10000,1860.0,-
09-JUN-2022,GMRAIRPORT,GMR Airports Ltd,DVI FUND MAURITIUS LIMITED,SELL,198417768,36.3,-
09-JUN-2022,GMRAIRPORT,GMR Airports Ltd,VEDA INVESTORS FUND L.P.,BUY,57587444,36.3,-
09-JUN-2022,GMRP&UI,GMR Power and Urban Infra Ltd,DECCAN VALUE ADVISORS FUND IV,SELL,51250711,21.9,-
09-JUN-2022,GMRAIRPORT,GMR Airports Ltd,DECCAN VALUE INVESTORS FUND L.P.,BUY,43270501,36.3,-
09-JUN-2022,GMRAIRPORT,GMR Airports Ltd,A/D INVESTORS FUND L.P.,BUY,29817800,36.3,-
09-JUN-2022,GMRAIRPORT,GMR Airports Ltd,C/D INVESTORS FUND L.P.,BUY,24697323,36.3,-
09-JUN-2022,GMRAIRPORT,GMR Airports Ltd,DVG 1740 FUND L.P.,BUY,20425774,36.3,-
09-JUN-2022,GMRAIRPORT,GMR Airports Ltd,H/D INVESTORS FUND L.P.,BUY,15631998,36.3,-
09-JUN-2022,GMRP&UI,GMR Power and Urban Infra Ltd,VEDA INVESTORS FUND L.P.,BUY,14874664,21.9,-
09-JUN-2022,GMRP&UI,GMR Power and Urban Infra Ltd,DECCAN VALUE INVESTORS FUND L.P.,BUY,11176651,21.9,-
09-JUN-2022,GMRP&UI,GMR Power and Urban Infra Ltd,A/D INVESTORS FUND L.P.,BUY,7701856,21.9,-
09-JUN-2022,GMRAIRPORT,GMR Airports Ltd,DECCAN VALUE INVESTORS BPI FUND L.P.,BUY,6986928,36.3,-
09-JUN-2022,GMRP&UI,GMR Power and Urban Infra Ltd,C/D INVESTORS FUND L.P.,BUY,6379238,21.9,-
09-JUN-2022,GMRP&UI,GMR Power and Urban Infra Ltd,DVG 1740 FUND L.P.,BUY,5275918,21.9,-
09-JUN-2022,GMRP&UI,GMR Power and Urban Infra Ltd,H/D INVESTORS FUND L.P.,BUY,4037689,21.9,-
09-JUN-2022,GMRP&UI,GMR Power and Urban Infra Ltd,DECCAN VALUE INVESTORS BPI FUND L.P.,BUY,1804695,21.9,-
17-JUN-2022,POONAWALLA,Poonawalla Fincorp Ltd,MICROFIRM CAPITAL PRIVATE LIMITED,BUY,2625000,229.0,-
17-JUN-2022,POONAWALLA,Poonawalla Fincorp Ltd,SANJAY CHAMRIA,SELL,2625000,229.0,-
17-JUN-2022,POONAWALLA,Poonawalla Fincorp Ltd,MAYANK PODDAR,SELL,2623581,229.0,-
17-JUN-2022,POONAWALLA,Poonawalla Fincorp Ltd,CELICA VENTURES,BUY,2623581,229.0,-
22-JUN-2022,POONAWALLA,Poonawalla Fincorp Ltd,CELICA VENTURES,BUY,2706350,222.0,-
22-JUN-2022,POONAWALLA,Poonawalla Fincorp Ltd,MICROFIRM CAPITAL PRIVATE LIMITED,BUY,2706350,222.0,-
22-JUN-2022,POONAWALLA,Poonawalla Fincorp Ltd,MAYANK PODDAR,SELL,2706350,222.0,-
22-JUN-2022,POONAWALLA,Poonawalla Fincorp Ltd,SANJAY CHAMRIA,SELL,2706350,222.0,-
27-JUN-2022,POONAWALLA,Poonawalla Fincorp Ltd,CELICA VENTURES,BUY,2504000,240.0,-
27-JUN-2022,POONAWALLA,Poonawalla Fincorp Ltd,MAYANK PODDAR,SELL,2504000,240.0,-
27-JUN-2022,POONAWALLA,Poonawalla Fincorp Ltd,SANJAY CHAMRIA,SELL,1875793,240.0,-
27-JUN-2022,POONAWALLA,Poonawalla Fincorp Ltd,MICROFIRM CAPITAL PRIVATE LIMITED,BUY,1875793,240.0,-
29-JUN-2022,HEMIPROP,Hemisphere Properties India Ltd,PANATONE FINVEST LIMITED,BUY,5303346,105.45,-
29-JUN-2022,HEMIPROP,Hemisphere Properties India Ltd,TATA SONS PRIVATE LIMITED,SELL,5303346,105.45,-
30-JUN-2022,HCG,HealthCare Global Enterprises Ltd,ACESO COMPANY PTE LTD,BUY,1750500,285.65,-
30-JUN-2022,HCG,HealthCare Global Enterprises Ltd,BASAVALINGASHETTY SADASHIVIAH AJAIKUMAR,SELL,1750500,285.65,-
18-JUL-2022,YESBANK,Yes Bank Ltd,ISHARES INDIA INDEX MAURITIUS COMPANY,SELL,13397014,13.3,-
18-JUL-2022,YESBANK,Yes Bank Ltd,ISHARES MSCI INDIA ETF,BUY,13397014,13.3,-
18-JUL-2022,ICICIBANK,ICICI Bank Ltd,ISHARES MSCI INDIA ETF,BUY,6123302,751.2,-
18-JUL-2022,ICICIBANK,ICICI Bank Ltd,ISHARES INDIA INDEX MAURITIUS COMPANY,SELL,6123302,751.2,-
18-JUL-2022,NTPC,NTPC Ltd,ISHARES MSCI INDIA ETF,BUY,4608763,149.75,-
18-JUL-2022,NTPC,NTPC Ltd,ISHARES INDIA INDEX MAURITIUS COMPANY,SELL,4608763,149.75,-
18-JUL-2022,INFY,Infosys Ltd,ISHARES INDIA INDEX MAURITIUS COMPANY,SELL,3998106,1430.35,-
18-JUL-2022,INFY,Infosys Ltd,ISHARES MSCI INDIA ETF,BUY,3998106,1430.35,-
18-JUL-2022,POWERGRID,Power Grid Corporation of India Ltd,ISHARES INDIA INDEX MAURITIUS COMPANY,SELL,3729812,209.3,-
18-JUL-2022,POWERGRID,Power Grid Corporation of India Ltd,ISHARES MSCI INDIA ETF,BUY,3729812,209.3,-
18-JUL-2022,RELIANCE,Reliance Industries Ltd,ISHARES MSCI INDIA ETF,BUY,3617169,2401.8,-
18-JUL-2022,RELIANCE,Reliance Industries Ltd,ISHARES INDIA INDEX MAURITIUS COMPANY,SELL,3617169,2401.8,-
18-JUL-2022,ITC,ITC Ltd,ISHARES INDIA INDEX MAURITIUS COMPANY,SELL,3514150,293.55,-
18-JUL-2022,ITC,ITC Ltd,ISHARES MSCI INDIA ETF,BUY,3514150,293.55,-
18-JUL-2022,IOC,Indian Oil Corporation Ltd,ISHARES MSCI INDIA ETF,BUY,3354097,70.35,-
18-JUL-2022,IOC,Indian Oil Corporation Ltd,ISHARES INDIA INDEX MAURITIUS COMPANY,SELL,3354097,70.35,-
18-JUL-2022,ONGC,Oil and Natural Gas Corporation Ltd,ISHARES INDIA INDEX MAURITIUS COMPANY,SELL,2989663,126.55,-
18-JUL-2022,ONGC,Oil and Natural Gas Corporation Ltd,ISHARES MSCI INDIA ETF,BUY,2989663,126.55,-
18-JUL-2022,AXISBANK,AXIS Bank Ltd,ISHARES INDIA INDEX MAURITIUS COMPANY,SELL,2703295,662.2,-
18-JUL-2022,AXISBANK,AXIS Bank Ltd,ISHARES MSCI INDIA ETF,BUY,2703295,662.2,-
18-JUL-2022,BHARTIARTL,Bharti Airtel Ltd,ISHARES MSCI INDIA ETF,BUY,2610326,651.8,-
18-JUL-2022,BHARTIARTL,Bharti Airtel Ltd,ISHARES INDIA INDEX MAURITIUS COMPANY,SELL,2610326,651.8,-
18-JUL-2022,SBIN,State Bank of India,ISHARES INDIA INDEX MAURITIUS COMPANY,SELL,2120906,479.1,-
18-JUL-2022,SBIN,State Bank of India,ISHARES MSCI INDIA ETF,BUY,2120906,479.1,-
18-JUL-2022,HDFC,Housing Development Finance Corporation Ltd,ISHARES INDIA INDEX MAURITIUS COMPANY,SELL,2045297,2216.1,-
18-JUL-2022,HDFC,Housing Development Finance Corporation Ltd,ISHARES MSCI INDIA ETF,BUY,2045297,2216.1,-
18-JUL-2022,TMPV,Tata Motors Passenger Vehicles Ltd,ISHARES INDIA INDEX MAURITIUS COMPANY,SELL,1972861,440.2,-
18-JUL-2022,TMPV,Tata Motors Passenger Vehicles Ltd,ISHARES MSCI INDIA ETF,BUY,1972861,440.2,-
18-JUL-2022,ETERNAL,Eternal Ltd,ISHARES MSCI INDIA ETF,BUY,1870278,53.9,-
18-JUL-2022,ETERNAL,Eternal Ltd,ISHARES INDIA INDEX MAURITIUS COMPANY,SELL,1870278,53.9,-
18-JUL-2022,GAIL,Gail (India) Ltd,ISHARES INDIA INDEX MAURITIUS COMPANY,SELL,1845517,140.45,-
18-JUL-2022,GAIL,Gail (India) Ltd,ISHARES MSCI INDIA ETF,BUY,1845517,140.45,-
18-JUL-2022,COALINDIA,Coal India Ltd,ISHARES INDIA INDEX MAURITIUS COMPANY,SELL,1830691,193.4,-
18-JUL-2022,COALINDIA,Coal India Ltd,ISHARES MSCI INDIA ETF,BUY,1830691,193.4,-
18-JUL-2022,TATAPOWER,Tata Power Company Ltd,ISHARES INDIA INDEX MAURITIUS COMPANY,SELL,1708565,225.0,-
18-JUL-2022,TATAPOWER,Tata Power Company Ltd,ISHARES MSCI INDIA ETF,BUY,1708565,225.0,-
18-JUL-2022,WIPRO,Wipro Ltd,ISHARES INDIA INDEX MAURITIUS COMPANY,SELL,1623159,393.85,-
18-JUL-2022,WIPRO,Wipro Ltd,ISHARES MSCI INDIA ETF,BUY,1623159,393.85,-
18-JUL-2022,HINDALCO,Hindalco Industries Ltd,ISHARES INDIA INDEX MAURITIUS COMPANY,SELL,1602100,350.55,-
18-JUL-2022,HINDALCO,Hindalco Industries Ltd,ISHARES MSCI INDIA ETF,BUY,1602100,350.55,-
18-JUL-2022,MOTHERSON,Samvardhana Motherson International Ltd,ISHARES MSCI INDIA ETF,BUY,1500946,119.6,-
18-JUL-2022,MOTHERSON,Samvardhana Motherson International Ltd,ISHARES INDIA INDEX MAURITIUS COMPANY,SELL,1500946,119.6,-
18-JUL-2022,BEL,Bharat Electronics Ltd,ISHARES INDIA INDEX MAURITIUS COMPANY,SELL,1447622,245.5,-
18-JUL-2022,BEL,Bharat Electronics Ltd,ISHARES MSCI INDIA ETF,BUY,1447622,245.5,-
18-JUL-2022,ITC,ITC Ltd,ISHARES INDIA 50 ETF,BUY,1362670,293.55,-
18-JUL-2022,ITC,ITC Ltd,ISHARES INDIA MAURITIUS CO,SELL,1362670,293.55,-
18-JUL-2022,HCLTECH,HCL Technologies Ltd,ISHARES MSCI INDIA ETF,BUY,1289787,883.15,-
18-JUL-2022,HCLTECH,HCL Technologies Ltd,ISHARES INDIA INDEX MAURITIUS COMPANY,SELL,1289787,883.15,-
18-JUL-2022,SUNPHARMA,Sun Pharmaceutical Industries Ltd,ISHARES MSCI INDIA ETF,BUY,1140361,878.4,-
18-JUL-2022,SUNPHARMA,Sun Pharmaceutical Industries Ltd,ISHARES INDIA INDEX MAURITIUS COMPANY,SELL,1140361,878.4,-
18-JUL-2022,HDFCLIFE,HDFC Life Insurance Company Ltd,ISHARES INDIA INDEX MAURITIUS COMPANY,SELL,1129577,539.9,-
18-JUL-2022,HDFCLIFE,HDFC Life Insurance Company Ltd,ISHARES MSCI INDIA ETF,BUY,1129577,539.9,-
18-JUL-2022,ICICIBANK,ICICI Bank Ltd,ISHARES INDIA 50 ETF,BUY,1106016,751.2,-
18-JUL-2022,ICICIBANK,ICICI Bank Ltd,ISHARES INDIA MAURITIUS CO,SELL,1106016,751.2,-
18-JUL-2022,TCS,Tata Consultancy Services Ltd,ISHARES MSCI INDIA ETF,BUY,1098835,2994.6,-
18-JUL-2022,TCS,Tata Consultancy Services Ltd,ISHARES INDIA INDEX MAURITIUS COMPANY,SELL,1098835,2994.6,-
18-JUL-2022,M&M,Mahindra & Mahindra Ltd,ISHARES INDIA INDEX MAURITIUS COMPANY,SELL,1034043,1172.5,-
18-JUL-2022,M&M,Mahindra & Mahindra Ltd,ISHARES MSCI INDIA ETF,BUY,1034043,1172.5,-
18-JUL-2022,BPCL,Bharat Petroleum Corporation Ltd,ISHARES INDIA INDEX MAURITIUS COMPANY,SELL,1027782,312.1,-
18-JUL-2022,BPCL,Bharat Petroleum Corporation Ltd,ISHARES MSCI INDIA ETF,BUY,1027782,312.1,-
18-JUL-2022,HINDUNILVR,Hindustan Unilever Ltd,ISHARES INDIA INDEX MAURITIUS COMPANY,SELL,977153,2568.5,-
18-JUL-2022,HINDUNILVR,Hindustan Unilever Ltd,ISHARES MSCI INDIA ETF,BUY,977153,2568.5,-
18-JUL-2022,ADANIPOWER,Adani Power Ltd,ISHARES INDIA INDEX MAURITIUS COMPANY,SELL,915991,286.75,-
18-JUL-2022,ADANIPOWER,Adani Power Ltd,ISHARES MSCI INDIA ETF,BUY,915991,286.75,-
18-JUL-2022,PETRONET,Petronet LNG Ltd,ISHARES MSCI INDIA ETF,BUY,891853,228.35,-
18-JUL-2022,PETRONET,Petronet LNG Ltd,ISHARES INDIA INDEX MAURITIUS COMPANY,SELL,891853,228.35,-
18-JUL-2022,VEDL,Vedanta Ltd,ISHARES INDIA INDEX MAURITIUS COMPANY,SELL,881864,227.85,-
18-JUL-2022,VEDL,Vedanta Ltd,ISHARES MSCI INDIA ETF,BUY,881864,227.85,-
18-JUL-2022,TATASTEEL,Tata Steel Ltd,ISHARES INDIA INDEX MAURITIUS COMPANY,SELL,870684,883.8,-
18-JUL-2022,TATASTEEL,Tata Steel Ltd,ISHARES MSCI INDIA ETF,BUY,870684,883.8,-
18-JUL-2022,JSWSTEEL,JSW Steel Ltd,ISHARES INDIA INDEX MAURITIUS COMPANY,SELL,858461,576.4,-
18-JUL-2022,JSWSTEEL,JSW Steel Ltd,ISHARES MSCI INDIA ETF,BUY,858461,576.4,-
18-JUL-2022,LT,Larsen & Toubro Ltd,ISHARES MSCI INDIA ETF,BUY,818020,1684.85,-
18-JUL-2022,LT,Larsen & Toubro Ltd,ISHARES INDIA INDEX MAURITIUS COMPANY,SELL,818020,1684.85,-
18-JUL-2022,INDUSTOWER,Indus Towers Ltd,ISHARES INDIA INDEX MAURITIUS COMPANY,SELL,800554,229.15,-
18-JUL-2022,INDUSTOWER,Indus Towers Ltd,ISHARES MSCI INDIA ETF,BUY,800554,229.15,-
18-JUL-2022,BANDHANBNK,Bandhan Bank Ltd,ISHARES INDIA INDEX MAURITIUS COMPANY,SELL,766817,270.3,-
18-JUL-2022,BANDHANBNK,Bandhan Bank Ltd,ISHARES MSCI INDIA ETF,BUY,766817,270.3,-
18-JUL-2022,NTPC,NTPC Ltd,ISHARES INDIA MAURITIUS CO,SELL,759846,149.75,-
18-JUL-2022,NTPC,NTPC Ltd,ISHARES INDIA 50 ETF,BUY,759846,149.75,-
18-JUL-2022,HINDPETRO,Hindustan Petroleum Corporation Ltd,ISHARES INDIA INDEX MAURITIUS COMPANY,SELL,758506,239.65,-
18-JUL-2022,HINDPETRO,Hindustan Petroleum Corporation Ltd,ISHARES MSCI INDIA ETF,BUY,758506,239.65,-
18-JUL-2022,DABUR,Dabur India Ltd,ISHARES INDIA INDEX MAURITIUS COMPANY,SELL,735220,548.35,-
18-JUL-2022,DABUR,Dabur India Ltd,ISHARES MSCI INDIA ETF,BUY,735220,548.35,-
18-JUL-2022,DLF,DLF Ltd,ISHARES MSCI INDIA ETF,BUY,734811,353.65,-
18-JUL-2022,DLF,DLF Ltd,ISHARES INDIA INDEX MAURITIUS COMPANY,SELL,734811,353.65,-
18-JUL-2022,AMBUJACEM,Ambuja Cements Ltd,ISHARES INDIA INDEX MAURITIUS COMPANY,SELL,708805,369.15,-
18-JUL-2022,AMBUJACEM,Ambuja Cements Ltd,ISHARES MSCI INDIA ETF,BUY,708805,369.15,-
18-JUL-2022,TECHM,Tech Mahindra Ltd,ISHARES INDIA INDEX MAURITIUS COMPANY,SELL,692429,973.8,-
18-JUL-2022,TECHM,Tech Mahindra Ltd,ISHARES MSCI INDIA ETF,BUY,692429,973.8,-
18-JUL-2022,HDFCBANK,HDFC Bank Ltd,ISHARES INDIA 50 ETF,BUY,685922,1362.05,-
18-JUL-2022,HDFCBANK,HDFC Bank Ltd,ISHARES INDIA MAURITIUS CO,SELL,685922,1362.05,-
18-JUL-2022,KOTAKBANK,Kotak Mahindra Bank Ltd,ISHARES INDIA INDEX MAURITIUS COMPANY,SELL,660147,1787.7,-
18-JUL-2022,KOTAKBANK,Kotak Mahindra Bank Ltd,ISHARES MSCI INDIA ETF,BUY,660147,1787.7,-
18-JUL-2022,TATACONSUM,Tata Consumer Products Ltd,ISHARES INDIA INDEX MAURITIUS COMPANY,SELL,657012,790.55,-
18-JUL-2022,TATACONSUM,Tata Consumer Products Ltd,ISHARES MSCI INDIA ETF,BUY,657012,790.55,-
18-JUL-2022,MARICO,Marico Ltd,ISHARES MSCI INDIA ETF,BUY,614320,506.5,-
18-JUL-2022,MARICO,Marico Ltd,ISHARES INDIA INDEX MAURITIUS COMPANY,SELL,614320,506.5,-
18-JUL-2022,ADANIPORTS,Adani Ports and Special Economic Zone Ltd,ISHARES INDIA INDEX MAURITIUS COMPANY,SELL,606520,730.9,-
18-JUL-2022,ADANIPORTS,Adani Ports and Special Economic Zone Ltd,ISHARES MSCI INDIA ETF,BUY,606520,730.9,-
18-JUL-2022,SBIN,State Bank of India,ISHARES INDIA MAURITIUS CO,SELL,595044,479.1,-
18-JUL-2022,SBIN,State Bank of India,ISHARES INDIA 50 ETF,BUY,595044,479.1,-
18-JUL-2022,UPL,UPL Ltd,ISHARES MSCI INDIA ETF,BUY,590112,669.35,-
18-JUL-2022,UPL,UPL Ltd,ISHARES INDIA INDEX MAURITIUS COMPANY,SELL,590112,669.35,-
18-JUL-2022,INFY,Infosys Ltd,ISHARES INDIA 50 ETF,BUY,577171,1430.35,-
18-JUL-2022,INFY,Infosys Ltd,ISHARES INDIA MAURITIUS CO,SELL,577171,1430.35,-
18-JUL-2022,CIPLA,Cipla Ltd,ISHARES INDIA INDEX MAURITIUS COMPANY,SELL,575211,966.05,-
18-JUL-2022,CIPLA,Cipla Ltd,ISHARES MSCI INDIA ETF,BUY,575211,966.05,-
18-JUL-2022,ONGC,Oil and Natural Gas Corporation Ltd,ISHARES INDIA 50 ETF,BUY,556708,126.55,-
18-JUL-2022,ONGC,Oil and Natural Gas Corporation Ltd,ISHARES INDIA MAURITIUS CO,SELL,556708,126.55,-
18-JUL-2022,POWERGRID,Power Grid Corporation of India Ltd,ISHARES INDIA 50 ETF,BUY,545989,209.3,-
18-JUL-2022,POWERGRID,Power Grid Corporation of India Ltd,ISHARES INDIA MAURITIUS CO,SELL,545989,209.3,-
18-JUL-2022,RELIANCE,Reliance Industries Ltd,ISHARES INDIA MAURITIUS CO,SELL,536281,2401.8,-
18-JUL-2022,RELIANCE,Reliance Industries Ltd,ISHARES INDIA 50 ETF,BUY,536281,2401.8,-
18-JUL-2022,SBILIFE,SBI Life Insurance Company Ltd,ISHARES INDIA INDEX MAURITIUS COMPANY,SELL,534857,1155.45,-
18-JUL-2022,SBILIFE,SBI Life Insurance Company Ltd,ISHARES MSCI INDIA ETF,BUY,534857,1155.45,-
18-JUL-2022,BIOCON,Biocon Ltd,ISHARES MSCI INDIA ETF,BUY,499308,332.4,-
18-JUL-2022,BIOCON,Biocon Ltd,ISHARES INDIA INDEX MAURITIUS COMPANY,SELL,499308,332.4,-
18-JUL-2022,CHOLAFIN,Cholamandalam Investment and Finance Company Ltd,ISHARES MSCI INDIA ETF,BUY,487701,634.0,-
18-JUL-2022,CHOLAFIN,Cholamandalam Investment and Finance Company Ltd,ISHARES INDIA INDEX MAURITIUS COMPANY,SELL,487701,634.0,-
18-JUL-2022,GODREJCP,Godrej Consumer Products Ltd,ISHARES MSCI INDIA ETF,BUY,486026,874.2,-
18-JUL-2022,GODREJCP,Godrej Consumer Products Ltd,ISHARES INDIA INDEX MAURITIUS COMPANY,SELL,486026,874.2,-
18-JUL-2022,JINDALSTEL,Jindal Steel Ltd,ISHARES INDIA INDEX MAURITIUS COMPANY,SELL,484842,345.5,-
18-JUL-2022,JINDALSTEL,Jindal Steel Ltd,ISHARES MSCI INDIA ETF,BUY,484842,345.5,-
18-JUL-2022,JUBLFOOD,Jubilant FoodWorks Ltd,ISHARES MSCI INDIA ETF,BUY,470246,565.3,-
18-JUL-2022,JUBLFOOD,Jubilant FoodWorks Ltd,ISHARES INDIA INDEX MAURITIUS COMPANY,SELL,470246,565.3,-
18-JUL-2022,ASIANPAINT,Asian Paints Ltd,ISHARES INDIA INDEX MAURITIUS COMPANY,SELL,455795,2978.15,-
18-JUL-2022,ASIANPAINT,Asian Paints Ltd,ISHARES MSCI INDIA ETF,BUY,455795,2978.15,-
18-JUL-2022,ICICIPRULI,ICICI Prudential Life Insurance Company Ltd,ISHARES INDIA INDEX MAURITIUS COMPANY,SELL,427711,517.1,-
18-JUL-2022,ICICIPRULI,ICICI Prudential Life Insurance Company Ltd,ISHARES MSCI INDIA ETF,BUY,427711,517.1,-
18-JUL-2022,TITAN,Titan Company Ltd,ISHARES INDIA INDEX MAURITIUS COMPANY,SELL,421959,2189.7,-
18-JUL-2022,TITAN,Titan Company Ltd,ISHARES MSCI INDIA ETF,BUY,421959,2189.7,-
18-JUL-2022,AXISBANK,AXIS Bank Ltd,ISHARES INDIA MAURITIUS CO,SELL,414852,662.2,-
18-JUL-2022,AXISBANK,AXIS Bank Ltd,ISHARES INDIA 50 ETF,BUY,414852,662.2,-
18-JUL-2022,IGL,Indraprastha Gas Ltd,ISHARES MSCI INDIA ETF,BUY,374207,368.1,-
18-JUL-2022,IGL,Indraprastha Gas Ltd,ISHARES INDIA INDEX MAURITIUS COMPANY,SELL,374207,368.1,-
18-JUL-2022,BHARTIARTL,Bharti Airtel Ltd,ISHARES INDIA MAURITIUS CO,SELL,373743,651.8,-
18-JUL-2022,BHARTIARTL,Bharti Airtel Ltd,ISHARES INDIA 50 ETF,BUY,373743,651.8,-
18-JUL-2022,ADANIGREEN,Adani Green Energy Ltd,ISHARES MSCI INDIA ETF,BUY,371683,2072.65,-
18-JUL-2022,ADANIGREEN,Adani Green Energy Ltd,ISHARES INDIA INDEX MAURITIUS COMPANY,SELL,371683,2072.65,-
18-JUL-2022,UNITDSPR,United Spirits Ltd,ISHARES MSCI INDIA ETF,BUY,345277,823.95,-
18-JUL-2022,UNITDSPR,United Spirits Ltd,ISHARES INDIA INDEX MAURITIUS COMPANY,SELL,345277,823.95,-
18-JUL-2022,COALINDIA,Coal India Ltd,ISHARES INDIA MAURITIUS CO,SELL,329272,193.4,-
18-JUL-2022,COALINDIA,Coal India Ltd,ISHARES INDIA 50 ETF,BUY,329272,193.4,-
18-JUL-2022,ADANIENSOL,Adani Energy Solutions Ltd,ISHARES INDIA INDEX MAURITIUS COMPANY,SELL,326709,2889.35,-
18-JUL-2022,ADANIENSOL,Adani Energy Solutions Ltd,ISHARES MSCI INDIA ETF,BUY,326709,2889.35,-
18-JUL-2022,ATGL,Adani Total Gas Ltd,ISHARES INDIA INDEX MAURITIUS COMPANY,SELL,326709,2807.7,-
18-JUL-2022,ATGL,Adani Total Gas Ltd,ISHARES MSCI INDIA ETF,BUY,326709,2807.7,-
18-JUL-2022,ADANIENT,Adani Enterprises Ltd,ISHARES MSCI INDIA ETF,BUY,326709,2405.25,-
18-JUL-2022,ADANIENT,Adani Enterprises Ltd,ISHARES INDIA INDEX MAURITIUS COMPANY,SELL,326709,2405.25,-
18-JUL-2022,CONCOR,Container Corporation of India Ltd,ISHARES MSCI INDIA ETF,BUY,326104,684.1,-
18-JUL-2022,CONCOR,Container Corporation of India Ltd,ISHARES INDIA INDEX MAURITIUS COMPANY,SELL,326104,684.1,-
18-JUL-2022,BAJFINANCE,Bajaj Finance Ltd,ISHARES INDIA INDEX MAURITIUS COMPANY,SELL,322426,5915.2,-
18-JUL-2022,BAJFINANCE,Bajaj Finance Ltd,ISHARES MSCI INDIA ETF,BUY,322426,5915.2,-
18-JUL-2022,AUROPHARMA,Aurobindo Pharma Ltd,ISHARES MSCI INDIA ETF,BUY,313304,548.75,-
18-JUL-2022,AUROPHARMA,Aurobindo Pharma Ltd,ISHARES INDIA INDEX MAURITIUS COMPANY,SELL,313304,548.75,-
18-JUL-2022,GRASIM,Grasim Industries Ltd,ISHARES INDIA INDEX MAURITIUS COMPANY,SELL,312881,1398.2,-
18-JUL-2022,GRASIM,Grasim Industries Ltd,ISHARES MSCI INDIA ETF,BUY,312881,1398.2,-
18-JUL-2022,BHARATFORG,Bharat Forge Ltd,ISHARES INDIA INDEX MAURITIUS COMPANY,SELL,304530,642.5,-
18-JUL-2022,BHARATFORG,Bharat Forge Ltd,ISHARES MSCI INDIA ETF,BUY,304530,642.5,-
18-JUL-2022,HAVELLS,Havells India Ltd,ISHARES MSCI INDIA ETF,BUY,297659,1255.6,-
18-JUL-2022,HAVELLS,Havells India Ltd,ISHARES INDIA INDEX MAURITIUS COMPANY,SELL,297659,1255.6,-
18-JUL-2022,BERGEPAINT,Berger Paints India Ltd,ISHARES INDIA INDEX MAURITIUS COMPANY,SELL,288540,573.65,-
18-JUL-2022,BERGEPAINT,Berger Paints India Ltd,ISHARES MSCI INDIA ETF,BUY,288540,573.65,-
18-JUL-2022,ICICIGI,ICICI Lombard General Insurance Company Ltd,ISHARES INDIA INDEX MAURITIUS COMPANY,SELL,286524,1254.35,-
18-JUL-2022,ICICIGI,ICICI Lombard General Insurance Company Ltd,ISHARES MSCI INDIA ETF,BUY,286524,1254.35,-
18-JUL-2022,IRCTC,Indian Railway Catering and Tourism Corporation Ltd,ISHARES INDIA INDEX MAURITIUS COMPANY,SELL,285176,591.25,-
18-JUL-2022,IRCTC,Indian Railway Catering and Tourism Corporation Ltd,ISHARES MSCI INDIA ETF,BUY,285176,591.25,-
18-JUL-2022,HDFC,Housing Development Finance Corporation Ltd,ISHARES INDIA MAURITIUS CO,SELL,284928,2216.1,-
18-JUL-2022,HDFC,Housing Development Finance Corporation Ltd,ISHARES INDIA 50 ETF,BUY,284928,2216.1,-
18-JUL-2022,SBICARD,SBI Cards and Payment Services Ltd,ISHARES INDIA INDEX MAURITIUS COMPANY,SELL,279941,835.3,-
18-JUL-2022,SBICARD,SBI Cards and Payment Services Ltd,ISHARES MSCI INDIA ETF,BUY,279941,835.3,-
18-JUL-2022,TMPV,Tata Motors Passenger Vehicles Ltd,ISHARES INDIA 50 ETF,BUY,275787,440.2,-
18-JUL-2022,TMPV,Tata Motors Passenger Vehicles Ltd,ISHARES INDIA MAURITIUS CO,SELL,275787,440.2,-
18-JUL-2022,LUPIN,Lupin Ltd,ISHARES INDIA INDEX MAURITIUS COMPANY,SELL,242963,640.85,-
18-JUL-2022,LUPIN,Lupin Ltd,ISHARES MSCI INDIA ETF,BUY,242963,640.85,-
18-JUL-2022,WIPRO,Wipro Ltd,ISHARES INDIA 50 ETF,BUY,237109,393.85,-
18-JUL-2022,WIPRO,Wipro Ltd,ISHARES INDIA MAURITIUS CO,SELL,237109,393.85,-
18-JUL-2022,KOTAKBANK,Kotak Mahindra Bank Ltd,ISHARES INDIA 50 ETF,BUY,228495,1787.7,-
18-JUL-2022,KOTAKBANK,Kotak Mahindra Bank Ltd,ISHARES INDIA MAURITIUS CO,SELL,228495,1787.7,-
18-JUL-2022,SHRIRAMFIN,Shriram Finance Ltd,ISHARES INDIA INDEX MAURITIUS COMPANY,SELL,224959,1314.65,-
18-JUL-2022,SHRIRAMFIN,Shriram Finance Ltd,ISHARES MSCI INDIA ETF,BUY,224959,1314.65,-
18-JUL-2022,HINDALCO,Hindalco Industries Ltd,ISHARES INDIA 50 ETF,BUY,223316,350.55,-
18-JUL-2022,HINDALCO,Hindalco Industries Ltd,ISHARES INDIA MAURITIUS CO,SELL,223316,350.55,-
18-JUL-2022,TRENT,Trent Ltd,ISHARES INDIA INDEX MAURITIUS COMPANY,SELL,215308,1210.7,-
18-JUL-2022,TRENT,Trent Ltd,ISHARES MSCI INDIA ETF,BUY,215308,1210.7,-
18-JUL-2022,DMART,Avenue Supermarts Ltd,ISHARES INDIA INDEX MAURITIUS COMPANY,SELL,192430,3926.8,-
18-JUL-2022,DMART,Avenue Supermarts Ltd,ISHARES MSCI INDIA ETF,BUY,192430,3926.8,-
18-JUL-2022,LT,Larsen & Toubro Ltd,ISHARES INDIA MAURITIUS CO,SELL,187938,1684.85,-
18-JUL-2022,LT,Larsen & Toubro Ltd,ISHARES INDIA 50 ETF,BUY,187938,1684.85,-
18-JUL-2022,AUBANK,AU Small Finance Bank Ltd,ISHARES INDIA INDEX MAURITIUS COMPANY,SELL,187277,550.15,-
18-JUL-2022,AUBANK,AU Small Finance Bank Ltd,ISHARES MSCI INDIA ETF,BUY,187277,550.15,-
18-JUL-2022,PIDILITIND,Pidilite Industries Ltd,ISHARES INDIA INDEX MAURITIUS COMPANY,SELL,181147,2307.65,-
18-JUL-2022,PIDILITIND,Pidilite Industries Ltd,ISHARES MSCI INDIA ETF,BUY,181147,2307.65,-
18-JUL-2022,SRF,SRF Ltd,ISHARES INDIA INDEX MAURITIUS COMPANY,SELL,176109,2261.45,-
18-JUL-2022,SRF,SRF Ltd,ISHARES MSCI INDIA ETF,BUY,176109,2261.45,-
18-JUL-2022,HCLTECH,HCL Technologies Ltd,ISHARES INDIA MAURITIUS CO,SELL,168922,883.15,-
18-JUL-2022,HCLTECH,HCL Technologies Ltd,ISHARES INDIA 50 ETF,BUY,168922,883.15,-
18-JUL-2022,SUNPHARMA,Sun Pharmaceutical Industries Ltd,ISHARES INDIA MAURITIUS CO,SELL,167748,878.4,-
18-JUL-2022,SUNPHARMA,Sun Pharmaceutical Industries Ltd,ISHARES INDIA 50 ETF,BUY,167748,878.4,-
18-JUL-2022,TCS,Tata Consultancy Services Ltd,ISHARES INDIA 50 ETF,BUY,163200,2994.6,-
18-JUL-2022,TCS,Tata Consultancy Services Ltd,ISHARES INDIA MAURITIUS CO,SELL,163200,2994.6,-
18-JUL-2022,EICHERMOT,Eicher Motors Ltd,ISHARES INDIA INDEX MAURITIUS COMPANY,SELL,162446,3034.0,-
18-JUL-2022,EICHERMOT,Eicher Motors Ltd,ISHARES MSCI INDIA ETF,BUY,162446,3034.0,-
18-JUL-2022,DIVISLAB,Divis Laboratories Ltd,ISHARES INDIA INDEX MAURITIUS COMPANY,SELL,157719,3727.75,-
18-JUL-2022,DIVISLAB,Divis Laboratories Ltd,ISHARES MSCI INDIA ETF,BUY,157719,3727.75,-
18-JUL-2022,JSWSTEEL,JSW Steel Ltd,ISHARES INDIA MAURITIUS CO,SELL,153985,576.4,-
18-JUL-2022,JSWSTEEL,JSW Steel Ltd,ISHARES INDIA 50 ETF,BUY,153985,576.4,-
18-JUL-2022,BPCL,Bharat Petroleum Corporation Ltd,ISHARES INDIA MAURITIUS CO,SELL,153525,312.1,-
18-JUL-2022,BPCL,Bharat Petroleum Corporation Ltd,ISHARES INDIA 50 ETF,BUY,153525,312.1,-
18-JUL-2022,M&M,Mahindra & Mahindra Ltd,ISHARES INDIA 50 ETF,BUY,152292,1172.5,-
18-JUL-2022,M&M,Mahindra & Mahindra Ltd,ISHARES INDIA MAURITIUS CO,SELL,152292,1172.5,-
18-JUL-2022,GODREJPROP,Godrej Properties Ltd,ISHARES MSCI INDIA ETF,BUY,148751,1343.55,-
18-JUL-2022,GODREJPROP,Godrej Properties Ltd,ISHARES INDIA INDEX MAURITIUS COMPANY,SELL,148751,1343.55,-
18-JUL-2022,COLPAL,Colgate Palmolive (India) Ltd,ISHARES INDIA INDEX MAURITIUS COMPANY,SELL,145605,1570.0,-
18-JUL-2022,COLPAL,Colgate Palmolive (India) Ltd,ISHARES MSCI INDIA ETF,BUY,145605,1570.0,-
18-JUL-2022,MARUTI,Maruti Suzuki India Ltd,ISHARES MSCI INDIA ETF,BUY,143576,8778.05,-
18-JUL-2022,MARUTI,Maruti Suzuki India Ltd,ISHARES INDIA INDEX MAURITIUS COMPANY,SELL,143576,8778.05,-
18-JUL-2022,MUTHOOTFIN,Muthoot Finance Ltd,ISHARES INDIA INDEX MAURITIUS COMPANY,SELL,143050,1017.95,-
18-JUL-2022,MUTHOOTFIN,Muthoot Finance Ltd,ISHARES MSCI INDIA ETF,BUY,143050,1017.95,-
18-JUL-2022,HINDUNILVR,Hindustan Unilever Ltd,ISHARES INDIA MAURITIUS CO,SELL,141073,2568.5,-
18-JUL-2022,HINDUNILVR,Hindustan Unilever Ltd,ISHARES INDIA 50 ETF,BUY,141073,2568.5,-
18-JUL-2022,PEL,Piramal Enterprises Ltd,ISHARES INDIA INDEX MAURITIUS COMPANY,SELL,141010,1660.05,-
18-JUL-2022,PEL,Piramal Enterprises Ltd,ISHARES MSCI INDIA ETF,BUY,141010,1660.05,-
18-JUL-2022,DRREDDY,Dr Reddys Laboratories Ltd,ISHARES INDIA INDEX MAURITIUS COMPANY,SELL,138419,4546.0,-
18-JUL-2022,DRREDDY,Dr Reddys Laboratories Ltd,ISHARES MSCI INDIA ETF,BUY,138419,4546.0,-
18-JUL-2022,HDFCLIFE,HDFC Life Insurance Company Ltd,ISHARES INDIA 50 ETF,BUY,135846,539.9,-
18-JUL-2022,HDFCLIFE,HDFC Life Insurance Company Ltd,ISHARES INDIA MAURITIUS CO,SELL,135846,539.9,-
18-JUL-2022,HEROMOTOCO,Hero MotoCorp Ltd,ISHARES INDIA INDEX MAURITIUS COMPANY,SELL,130583,2800.05,-
18-JUL-2022,HEROMOTOCO,Hero MotoCorp Ltd,ISHARES MSCI INDIA ETF,BUY,130583,2800.05,-
18-JUL-2022,BRITANNIA,Britannia Industries Ltd,ISHARES MSCI INDIA ETF,BUY,128794,3848.9,-
18-JUL-2022,BRITANNIA,Britannia Industries Ltd,ISHARES INDIA INDEX MAURITIUS COMPANY,SELL,128794,3848.9,-
18-JUL-2022,TATASTEEL,Tata Steel Ltd,ISHARES INDIA 50 ETF,BUY,127948,883.8,-
18-JUL-2022,TATASTEEL,Tata Steel Ltd,ISHARES INDIA MAURITIUS CO,SELL,127948,883.8,-
18-JUL-2022,INDUSINDBK,Indusind Bank Ltd,ISHARES INDIA MAURITIUS CO,SELL,126252,815.05,-
18-JUL-2022,INDUSINDBK,Indusind Bank Ltd,ISHARES INDIA 50 ETF,BUY,126252,815.05,-
18-JUL-2022,TORNTPHARM,Torrent Pharmaceuticals Ltd,ISHARES INDIA INDEX MAURITIUS COMPANY,SELL,120878,1518.0,-
18-JUL-2022,TORNTPHARM,Torrent Pharmaceuticals Ltd,ISHARES MSCI INDIA ETF,BUY,120878,1518.0,-
18-JUL-2022,ULTRACEMCO,UltraTech Cement Ltd,ISHARES INDIA INDEX MAURITIUS COMPANY,SELL,120053,5807.05,-
18-JUL-2022,ULTRACEMCO,UltraTech Cement Ltd,ISHARES MSCI INDIA ETF,BUY,120053,5807.05,-
18-JUL-2022,APOLLOHOSP,Apollo Hospitals Enterprise Ltd,ISHARES MSCI INDIA ETF,BUY,119595,3931.7,-
18-JUL-2022,APOLLOHOSP,Apollo Hospitals Enterprise Ltd,ISHARES INDIA INDEX MAURITIUS COMPANY,SELL,119595,3931.7,-
18-JUL-2022,INDIGO,InterGlobe Aviation Ltd,ISHARES MSCI INDIA ETF,BUY,114519,1785.85,-
18-JUL-2022,INDIGO,InterGlobe Aviation Ltd,ISHARES INDIA INDEX MAURITIUS COMPANY,SELL,114519,1785.85,-
18-JUL-2022,ADANIPORTS,Adani Ports and Special Economic Zone Ltd,ISHARES INDIA 50 ETF,BUY,114431,730.9,-
18-JUL-2022,ADANIPORTS,Adani Ports and Special Economic Zone Ltd,ISHARES INDIA MAURITIUS CO,SELL,114431,730.9,-
18-JUL-2022,MPHASIS,Mphasis Ltd,ISHARES MSCI INDIA ETF,BUY,100510,2141.55,-
18-JUL-2022,MPHASIS,Mphasis Ltd,ISHARES INDIA INDEX MAURITIUS COMPANY,SELL,100510,2141.55,-
18-JUL-2022,TECHM,Tech Mahindra Ltd,ISHARES INDIA MAURITIUS CO,SELL,98858,973.8,-
18-JUL-2022,TECHM,Tech Mahindra Ltd,ISHARES INDIA 50 ETF,BUY,98858,973.8,-
18-JUL-2022,TATACONSUM,Tata Consumer Products Ltd,ISHARES INDIA 50 ETF,BUY,95911,790.55,-
18-JUL-2022,TATACONSUM,Tata Consumer Products Ltd,ISHARES INDIA MAURITIUS CO,SELL,95911,790.55,-
18-JUL-2022,BALKRISIND,Balkrishna Industries Ltd-$,ISHARES INDIA INDEX MAURITIUS COMPANY,SELL,91978,2294.55,-
18-JUL-2022,BALKRISIND,Balkrishna Industries Ltd-$,ISHARES MSCI INDIA ETF,BUY,91978,2294.55,-
18-JUL-2022,PIIND,PI Industries Ltd,ISHARES MSCI INDIA ETF,BUY,90031,2953.25,-
18-JUL-2022,PIIND,PI Industries Ltd,ISHARES INDIA INDEX MAURITIUS COMPANY,SELL,90031,2953.25,-
18-JUL-2022,ACC,ACC Ltd,ISHARES INDIA INDEX MAURITIUS COMPANY,SELL,89326,2140.35,-
18-JUL-2022,ACC,ACC Ltd,ISHARES MSCI INDIA ETF,BUY,89326,2140.35,-
18-JUL-2022,SIEMENS,Siemens Ltd,ISHARES MSCI INDIA ETF,BUY,84725,2681.0,-
18-JUL-2022,SIEMENS,Siemens Ltd,ISHARES INDIA INDEX MAURITIUS COMPANY,SELL,84725,2681.0,-
18-JUL-2022,NAUKRI,Info Edge (India) Ltd,ISHARES INDIA INDEX MAURITIUS COMPANY,SELL,84165,3803.65,-
18-JUL-2022,NAUKRI,Info Edge (India) Ltd,ISHARES MSCI INDIA ETF,BUY,84165,3803.65,-
18-JUL-2022,CIPLA,Cipla Ltd,ISHARES INDIA 50 ETF,BUY,83265,966.05,-
18-JUL-2022,CIPLA,Cipla Ltd,ISHARES INDIA MAURITIUS CO,SELL,83265,966.05,-
18-JUL-2022,UPL,UPL Ltd,ISHARES INDIA 50 ETF,BUY,83258,669.35,-
18-JUL-2022,UPL,UPL Ltd,ISHARES INDIA MAURITIUS CO,SELL,83258,669.35,-
18-JUL-2022,BAJAJ-AUTO,Bajaj Auto Ltd,ISHARES INDIA INDEX MAURITIUS COMPANY,SELL,82515,3913.35,-
18-JUL-2022,BAJAJ-AUTO,Bajaj Auto Ltd,ISHARES MSCI INDIA ETF,BUY,82515,3913.35,-
18-JUL-2022,MINDTREE,MindTree Ltd,ISHARES INDIA INDEX MAURITIUS COMPANY,SELL,78437,2828.95,-
18-JUL-2022,MINDTREE,MindTree Ltd,ISHARES MSCI INDIA ETF,BUY,78437,2828.95,-
18-JUL-2022,ASIANPAINT,Asian Paints Ltd,ISHARES INDIA 50 ETF,BUY,71183,2978.15,-
18-JUL-2022,ASIANPAINT,Asian Paints Ltd,ISHARES INDIA MAURITIUS CO,SELL,71183,2978.15,-
18-JUL-2022,SBILIFE,SBI Life Insurance Company Ltd,ISHARES INDIA 50 ETF,BUY,70298,1155.45,-
18-JUL-2022,SBILIFE,SBI Life Insurance Company Ltd,ISHARES INDIA MAURITIUS CO,SELL,70298,1155.45,-
18-JUL-2022,TITAN,Titan Company Ltd,ISHARES INDIA MAURITIUS CO,SELL,66487,2189.7,-
18-JUL-2022,TITAN,Titan Company Ltd,ISHARES INDIA 50 ETF,BUY,66487,2189.7,-
18-JUL-2022,LTM,LTM Ltd,ISHARES MSCI INDIA ETF,BUY,62445,3974.55,-
18-JUL-2022,LTM,LTM Ltd,ISHARES INDIA INDEX MAURITIUS COMPANY,SELL,62445,3974.55,-
18-JUL-2022,GRASIM,Grasim Industries Ltd,ISHARES INDIA 50 ETF,BUY,57205,1398.2,-
18-JUL-2022,GRASIM,Grasim Industries Ltd,ISHARES INDIA MAURITIUS CO,SELL,57205,1398.2,-
18-JUL-2022,BAJAJFINSV,Bajaj Finserv Ltd,ISHARES INDIA INDEX MAURITIUS COMPANY,SELL,45382,11840.25,-
18-JUL-2022,BAJAJFINSV,Bajaj Finserv Ltd,ISHARES MSCI INDIA ETF,BUY,45382,11840.25,-
18-JUL-2022,BAJFINANCE,Bajaj Finance Ltd,ISHARES INDIA MAURITIUS CO,SELL,42002,5915.2,-
18-JUL-2022,BAJFINANCE,Bajaj Finance Ltd,ISHARES INDIA 50 ETF,BUY,42002,5915.2,-
18-JUL-2022,TATAELXSI,Tata Elxsi Ltd,ISHARES INDIA INDEX MAURITIUS COMPANY,SELL,40698,8060.6,-
18-JUL-2022,TATAELXSI,Tata Elxsi Ltd,ISHARES MSCI INDIA ETF,BUY,40698,8060.6,-
18-JUL-2022,NESTLEIND,Nestle India Ltd,ISHARES INDIA INDEX MAURITIUS COMPANY,SELL,40098,18771.5,-
18-JUL-2022,NESTLEIND,Nestle India Ltd,ISHARES MSCI INDIA ETF,BUY,40098,18771.5,-
18-JUL-2022,EICHERMOT,Eicher Motors Ltd,ISHARES INDIA MAURITIUS CO,SELL,22407,3034.0,-
18-JUL-2022,EICHERMOT,Eicher Motors Ltd,ISHARES INDIA 50 ETF,BUY,22407,3034.0,-
18-JUL-2022,MARUTI,Maruti Suzuki India Ltd,ISHARES INDIA MAURITIUS CO,SELL,21128,8778.05,-
18-JUL-2022,MARUTI,Maruti Suzuki India Ltd,ISHARES INDIA 50 ETF,BUY,21128,8778.05,-
18-JUL-2022,BAJAJ-AUTO,Bajaj Auto Ltd,ISHARES INDIA 50 ETF,BUY,21020,3913.35,-
18-JUL-2022,BAJAJ-AUTO,Bajaj Auto Ltd,ISHARES INDIA MAURITIUS CO,SELL,21020,3913.35,-
18-JUL-2022,DIVISLAB,Divis Laboratories Ltd,ISHARES INDIA 50 ETF,BUY,20608,3727.75,-
18-JUL-2022,DIVISLAB,Divis Laboratories Ltd,ISHARES INDIA MAURITIUS CO,SELL,20608,3727.75,-
18-JUL-2022,HEROMOTOCO,Hero MotoCorp Ltd,ISHARES INDIA MAURITIUS CO,SELL,20387,2800.05,-
18-JUL-2022,HEROMOTOCO,Hero MotoCorp Ltd,ISHARES INDIA 50 ETF,BUY,20387,2800.05,-
18-JUL-2022,DRREDDY,Dr Reddys Laboratories Ltd,ISHARES INDIA MAURITIUS CO,SELL,19328,4546.0,-
18-JUL-2022,DRREDDY,Dr Reddys Laboratories Ltd,ISHARES INDIA 50 ETF,BUY,19328,4546.0,-
18-JUL-2022,ULTRACEMCO,UltraTech Cement Ltd,ISHARES INDIA 50 ETF,BUY,18328,5807.05,-
18-JUL-2022,ULTRACEMCO,UltraTech Cement Ltd,ISHARES INDIA MAURITIUS CO,SELL,18328,5807.05,-
18-JUL-2022,BRITANNIA,Britannia Industries Ltd,ISHARES INDIA MAURITIUS CO,SELL,16861,3848.9,-
18-JUL-2022,BRITANNIA,Britannia Industries Ltd,ISHARES INDIA 50 ETF,BUY,16861,3848.9,-
18-JUL-2022,APOLLOHOSP,Apollo Hospitals Enterprise Ltd,ISHARES INDIA 50 ETF,BUY,14398,3931.7,-
18-JUL-2022,APOLLOHOSP,Apollo Hospitals Enterprise Ltd,ISHARES INDIA MAURITIUS CO,SELL,14398,3931.7,-
18-JUL-2022,SHREECEM,Shree Cement Ltd,ISHARES MSCI INDIA ETF,BUY,12856,19701.8,-
18-JUL-2022,SHREECEM,Shree Cement Ltd,ISHARES INDIA INDEX MAURITIUS COMPANY,SELL,12856,19701.8,-
18-JUL-2022,BAJAJFINSV,Bajaj Finserv Ltd,ISHARES INDIA MAURITIUS CO,SELL,9607,11840.25,-
18-JUL-2022,BAJAJFINSV,Bajaj Finserv Ltd,ISHARES INDIA 50 ETF,BUY,9607,11840.25,-
18-JUL-2022,PAGEIND,Page Industries Ltd,ISHARES MSCI INDIA ETF,BUY,7289,44368.5,-
18-JUL-2022,PAGEIND,Page Industries Ltd,ISHARES INDIA INDEX MAURITIUS COMPANY,SELL,7289,44368.5,-
18-JUL-2022,NESTLEIND,Nestle India Ltd,ISHARES INDIA 50 ETF,BUY,5678,18771.5,-
18-JUL-2022,NESTLEIND,Nestle India Ltd,ISHARES INDIA MAURITIUS CO,SELL,5678,18771.5,-
18-JUL-2022,MRF,MRF Ltd,ISHARES INDIA INDEX MAURITIUS COMPANY,SELL,2265,79558.1,-
18-JUL-2022,MRF,MRF Ltd,ISHARES MSCI INDIA ETF,BUY,2265,79558.1,-
18-JUL-2022,SHREECEM,Shree Cement Ltd,ISHARES INDIA 50 ETF,BUY,2091,19701.8,-
18-JUL-2022,SHREECEM,Shree Cement Ltd,ISHARES INDIA MAURITIUS CO,SELL,2091,19701.8,-
25-JUL-2022,IRCTC,Indian Railway Catering and Tourism Corporation Ltd,ISHARES MSCI INDIA ETF,BUY,283472,609.75,-
25-JUL-2022,IRCTC,Indian Railway Catering and Tourism Corporation Ltd,ISHARES INDIA INDEX MAURITIUS COMPANY,SELL,283472,609.75,-
01-AUG-2022,YESBANK,Yes Bank Ltd,ISHARES MSCI INDIA ETF,BUY,13316953,14.95,-
01-AUG-2022,YESBANK,Yes Bank Ltd,ISHARES INDIA INDEX MAURITIUS COMPANY,SELL,13316953,14.95,-
01-AUG-2022,ICICIBANK,ICICI Bank Ltd,ISHARES INDIA INDEX MAURITIUS COMPANY,SELL,6069454,818.6,-
01-AUG-2022,ICICIBANK,ICICI Bank Ltd,ISHARES MSCI INDIA ETF,BUY,6069454,818.6,-
01-AUG-2022,NTPC,NTPC Ltd,ISHARES INDIA INDEX MAURITIUS COMPANY,SELL,4581224,152.95,-
01-AUG-2022,NTPC,NTPC Ltd,ISHARES MSCI INDIA ETF,BUY,4581224,152.95,-
01-AUG-2022,INFY,Infosys Ltd,ISHARES MSCI INDIA ETF,BUY,3974215,1549.7,-
01-AUG-2022,INFY,Infosys Ltd,ISHARES INDIA INDEX MAURITIUS COMPANY,SELL,3974215,1549.7,-
01-AUG-2022,POWERGRID,Power Grid Corporation of India Ltd,ISHARES INDIA INDEX MAURITIUS COMPANY,SELL,3707525,213.95,-
01-AUG-2022,POWERGRID,Power Grid Corporation of India Ltd,ISHARES MSCI INDIA ETF,BUY,3707525,213.95,-
01-AUG-2022,RELIANCE,Reliance Industries Ltd,ISHARES INDIA INDEX MAURITIUS COMPANY,SELL,3595521,2509.45,-
01-AUG-2022,RELIANCE,Reliance Industries Ltd,ISHARES MSCI INDIA ETF,BUY,3595521,2509.45,-
01-AUG-2022,ITC,ITC Ltd,ISHARES INDIA INDEX MAURITIUS COMPANY,SELL,3493151,303.05,-
01-AUG-2022,ITC,ITC Ltd,ISHARES MSCI INDIA ETF,BUY,3493151,303.05,-
01-AUG-2022,IOC,Indian Oil Corporation Ltd,ISHARES INDIA INDEX MAURITIUS COMPANY,SELL,3334054,72.95,-
01-AUG-2022,IOC,Indian Oil Corporation Ltd,ISHARES MSCI INDIA ETF,BUY,3334054,72.95,-
01-AUG-2022,ONGC,Oil and Natural Gas Corporation Ltd,ISHARES INDIA INDEX MAURITIUS COMPANY,SELL,2971798,134.15,-
01-AUG-2022,ONGC,Oil and Natural Gas Corporation Ltd,ISHARES MSCI INDIA ETF,BUY,2971798,134.15,-
01-AUG-2022,ETERNAL,Eternal Ltd,ISHARES MSCI INDIA ETF,BUY,2788656,46.8,-
01-AUG-2022,ETERNAL,Eternal Ltd,ISHARES INDIA INDEX MAURITIUS COMPANY,SELL,2788656,46.8,-
01-AUG-2022,BHARTIARTL,Bharti Airtel Ltd,ISHARES MSCI INDIA ETF,BUY,2594729,677.95,-
01-AUG-2022,BHARTIARTL,Bharti Airtel Ltd,ISHARES INDIA INDEX MAURITIUS COMPANY,SELL,2594729,677.95,-
01-AUG-2022,AXISBANK,AXIS Bank Ltd,ISHARES INDIA INDEX MAURITIUS COMPANY,SELL,2534085,724.75,-
01-AUG-2022,AXISBANK,AXIS Bank Ltd,ISHARES MSCI INDIA ETF,BUY,2534085,724.75,-
01-AUG-2022,SBIN,State Bank of India,ISHARES INDIA INDEX MAURITIUS COMPANY,SELL,2108234,528.35,-
01-AUG-2022,SBIN,State Bank of India,ISHARES MSCI INDIA ETF,BUY,2108234,528.35,-
01-AUG-2022,HDFC,Housing Development Finance Corporation Ltd,ISHARES MSCI INDIA ETF,BUY,2033075,2377.8,-
01-AUG-2022,HDFC,Housing Development Finance Corporation Ltd,ISHARES INDIA INDEX MAURITIUS COMPANY,SELL,2033075,2377.8,-
01-AUG-2022,TMPV,Tata Motors Passenger Vehicles Ltd,ISHARES MSCI INDIA ETF,BUY,1961072,449.6,-
01-AUG-2022,TMPV,Tata Motors Passenger Vehicles Ltd,ISHARES INDIA INDEX MAURITIUS COMPANY,SELL,1961072,449.6,-
01-AUG-2022,GAIL,Gail (India) Ltd,ISHARES INDIA INDEX MAURITIUS COMPANY,SELL,1834490,146.6,-
01-AUG-2022,GAIL,Gail (India) Ltd,ISHARES MSCI INDIA ETF,BUY,1834490,146.6,-
01-AUG-2022,COALINDIA,Coal India Ltd,ISHARES MSCI INDIA ETF,BUY,1819754,211.25,-
01-AUG-2022,COALINDIA,Coal India Ltd,ISHARES INDIA INDEX MAURITIUS COMPANY,SELL,1819754,211.25,-
01-AUG-2022,TATAPOWER,Tata Power Company Ltd,ISHARES MSCI INDIA ETF,BUY,1698356,221.9,-
01-AUG-2022,TATAPOWER,Tata Power Company Ltd,ISHARES INDIA INDEX MAURITIUS COMPANY,SELL,1698356,221.9,-
01-AUG-2022,WIPRO,Wipro Ltd,ISHARES MSCI INDIA ETF,BUY,1613461,423.7,-
01-AUG-2022,WIPRO,Wipro Ltd,ISHARES INDIA INDEX MAURITIUS COMPANY,SELL,1613461,423.7,-
01-AUG-2022,HINDALCO,Hindalco Industries Ltd,ISHARES INDIA INDEX MAURITIUS COMPANY,SELL,1592528,415.05,-
01-AUG-2022,HINDALCO,Hindalco Industries Ltd,ISHARES MSCI INDIA ETF,BUY,1592528,415.05,-
01-AUG-2022,MOTHERSON,Samvardhana Motherson International Ltd,ISHARES INDIA INDEX MAURITIUS COMPANY,SELL,1491980,127.3,-
01-AUG-2022,MOTHERSON,Samvardhana Motherson International Ltd,ISHARES MSCI INDIA ETF,BUY,1491980,127.3,-
01-AUG-2022,BEL,Bharat Electronics Ltd,ISHARES MSCI INDIA ETF,BUY,1438973,275.2,-
01-AUG-2022,BEL,Bharat Electronics Ltd,ISHARES INDIA INDEX MAURITIUS COMPANY,SELL,1438973,275.2,-
01-AUG-2022,ITC,ITC Ltd,ISHARES INDIA MAURITIUS CO,SELL,1362671,303.05,-
01-AUG-2022,ITC,ITC Ltd,ISHARES INDIA 50 ETF,BUY,1362671,303.05,-
01-AUG-2022,HCLTECH,HCL Technologies Ltd,ISHARES INDIA INDEX MAURITIUS COMPANY,SELL,1282081,948.4,-
01-AUG-2022,HCLTECH,HCL Technologies Ltd,ISHARES MSCI INDIA ETF,BUY,1282081,948.4,-
01-AUG-2022,SUNPHARMA,Sun Pharmaceutical Industries Ltd,ISHARES MSCI INDIA ETF,BUY,1133548,943.2,-
01-AUG-2022,SUNPHARMA,Sun Pharmaceutical Industries Ltd,ISHARES INDIA INDEX MAURITIUS COMPANY,SELL,1133548,943.2,-
01-AUG-2022,HDFCLIFE,HDFC Life Insurance Company Ltd,ISHARES INDIA INDEX MAURITIUS COMPANY,SELL,1122827,555.5,-
01-AUG-2022,HDFCLIFE,HDFC Life Insurance Company Ltd,ISHARES MSCI INDIA ETF,BUY,1122827,555.5,-
01-AUG-2022,ICICIBANK,ICICI Bank Ltd,ISHARES INDIA MAURITIUS CO,SELL,1106016,818.6,-
01-AUG-2022,ICICIBANK,ICICI Bank Ltd,ISHARES INDIA 50 ETF,BUY,1106016,818.6,-
01-AUG-2022,TCS,Tata Consultancy Services Ltd,ISHARES INDIA INDEX MAURITIUS COMPANY,SELL,1092272,3301.9,-
01-AUG-2022,TCS,Tata Consultancy Services Ltd,ISHARES MSCI INDIA ETF,BUY,1092272,3301.9,-
01-AUG-2022,M&M,Mahindra & Mahindra Ltd,ISHARES MSCI INDIA ETF,BUY,1027867,1164.45,-
01-AUG-2022,M&M,Mahindra & Mahindra Ltd,ISHARES INDIA INDEX MAURITIUS COMPANY,SELL,1027867,1164.45,-
01-AUG-2022,BPCL,Bharat Petroleum Corporation Ltd,ISHARES INDIA INDEX MAURITIUS COMPANY,SELL,1021642,330.3,-
01-AUG-2022,BPCL,Bharat Petroleum Corporation Ltd,ISHARES MSCI INDIA ETF,BUY,1021642,330.3,-
01-AUG-2022,HINDUNILVR,Hindustan Unilever Ltd,ISHARES INDIA INDEX MAURITIUS COMPANY,SELL,971315,2637.4,-
01-AUG-2022,HINDUNILVR,Hindustan Unilever Ltd,ISHARES MSCI INDIA ETF,BUY,971315,2637.4,-
01-AUG-2022,ADANIPOWER,Adani Power Ltd,ISHARES INDIA INDEX MAURITIUS COMPANY,SELL,910520,313.95,-
01-AUG-2022,ADANIPOWER,Adani Power Ltd,ISHARES MSCI INDIA ETF,BUY,910520,313.95,-
01-AUG-2022,PETRONET,Petronet LNG Ltd,ISHARES INDIA INDEX MAURITIUS COMPANY,SELL,886526,219.95,-
01-AUG-2022,PETRONET,Petronet LNG Ltd,ISHARES MSCI INDIA ETF,BUY,886526,219.95,-
01-AUG-2022,VEDL,Vedanta Ltd,ISHARES MSCI INDIA ETF,BUY,876596,254.3,-
01-AUG-2022,VEDL,Vedanta Ltd,ISHARES INDIA INDEX MAURITIUS COMPANY,SELL,876596,254.3,-
01-AUG-2022,JSWSTEEL,JSW Steel Ltd,ISHARES MSCI INDIA ETF,BUY,853331,629.6,-
01-AUG-2022,JSWSTEEL,JSW Steel Ltd,ISHARES INDIA INDEX MAURITIUS COMPANY,SELL,853331,629.6,-
01-AUG-2022,LT,Larsen & Toubro Ltd,ISHARES INDIA INDEX MAURITIUS COMPANY,SELL,813133,1808.05,-
01-AUG-2022,LT,Larsen & Toubro Ltd,ISHARES MSCI INDIA ETF,BUY,813133,1808.05,-
01-AUG-2022,INDUSTOWER,Indus Towers Ltd,ISHARES MSCI INDIA ETF,BUY,795773,222.55,-
01-AUG-2022,INDUSTOWER,Indus Towers Ltd,ISHARES INDIA INDEX MAURITIUS COMPANY,SELL,795773,222.55,-
01-AUG-2022,NTPC,NTPC Ltd,ISHARES INDIA 50 ETF,BUY,759846,152.95,-
01-AUG-2022,NTPC,NTPC Ltd,ISHARES INDIA MAURITIUS CO,SELL,759846,152.95,-
01-AUG-2022,HINDPETRO,Hindustan Petroleum Corporation Ltd,ISHARES MSCI INDIA ETF,BUY,753977,241.15,-
01-AUG-2022,HINDPETRO,Hindustan Petroleum Corporation Ltd,ISHARES INDIA INDEX MAURITIUS COMPANY,SELL,753977,241.15,-
01-AUG-2022,DABUR,Dabur India Ltd,ISHARES MSCI INDIA ETF,BUY,730828,584.1,-
01-AUG-2022,DABUR,Dabur India Ltd,ISHARES INDIA INDEX MAURITIUS COMPANY,SELL,730828,584.1,-
01-AUG-2022,DLF,DLF Ltd,ISHARES INDIA INDEX MAURITIUS COMPANY,SELL,730422,385.95,-
01-AUG-2022,DLF,DLF Ltd,ISHARES MSCI INDIA ETF,BUY,730422,385.95,-
01-AUG-2022,BANDHANBNK,Bandhan Bank Ltd,ISHARES INDIA INDEX MAURITIUS COMPANY,SELL,718484,276.2,-
01-AUG-2022,BANDHANBNK,Bandhan Bank Ltd,ISHARES MSCI INDIA ETF,BUY,718484,276.2,-
01-AUG-2022,AMBUJACEM,Ambuja Cements Ltd,ISHARES MSCI INDIA ETF,BUY,704572,374.8,-
01-AUG-2022,AMBUJACEM,Ambuja Cements Ltd,ISHARES INDIA INDEX MAURITIUS COMPANY,SELL,704572,374.8,-
01-AUG-2022,TECHM,Tech Mahindra Ltd,ISHARES INDIA INDEX MAURITIUS COMPANY,SELL,688292,1048.65,-
01-AUG-2022,TECHM,Tech Mahindra Ltd,ISHARES MSCI INDIA ETF,BUY,688292,1048.65,-
01-AUG-2022,HDFCBANK,HDFC Bank Ltd,ISHARES INDIA 50 ETF,BUY,685922,1434.2,-
01-AUG-2022,HDFCBANK,HDFC Bank Ltd,ISHARES INDIA MAURITIUS CO,SELL,685922,1434.2,-
01-AUG-2022,KOTAKBANK,Kotak Mahindra Bank Ltd,ISHARES INDIA INDEX MAURITIUS COMPANY,SELL,656202,1810.35,-
01-AUG-2022,KOTAKBANK,Kotak Mahindra Bank Ltd,ISHARES MSCI INDIA ETF,BUY,656202,1810.35,-
01-AUG-2022,TATACONSUM,Tata Consumer Products Ltd,ISHARES INDIA INDEX MAURITIUS COMPANY,SELL,653088,811.65,-
01-AUG-2022,TATACONSUM,Tata Consumer Products Ltd,ISHARES MSCI INDIA ETF,BUY,653088,811.65,-
01-AUG-2022,MARICO,Marico Ltd,ISHARES INDIA INDEX MAURITIUS COMPANY,SELL,610651,518.0,-
01-AUG-2022,MARICO,Marico Ltd,ISHARES MSCI INDIA ETF,BUY,610651,518.0,-
01-AUG-2022,ADANIPORTS,Adani Ports and Special Economic Zone Ltd,ISHARES INDIA INDEX MAURITIUS COMPANY,SELL,602896,763.7,-
01-AUG-2022,ADANIPORTS,Adani Ports and Special Economic Zone Ltd,ISHARES MSCI INDIA ETF,BUY,602896,763.7,-
01-AUG-2022,SBIN,State Bank of India,ISHARES INDIA MAURITIUS CO,SELL,595044,528.35,-
01-AUG-2022,SBIN,State Bank of India,ISHARES INDIA 50 ETF,BUY,595044,528.35,-
01-AUG-2022,UPL,UPL Ltd,ISHARES INDIA INDEX MAURITIUS COMPANY,SELL,586588,741.1,-
01-AUG-2022,UPL,UPL Ltd,ISHARES MSCI INDIA ETF,BUY,586588,741.1,-
01-AUG-2022,INFY,Infosys Ltd,ISHARES INDIA MAURITIUS CO,SELL,577171,1549.7,-
01-AUG-2022,INFY,Infosys Ltd,ISHARES INDIA 50 ETF,BUY,577171,1549.7,-
01-AUG-2022,CIPLA,Cipla Ltd,ISHARES MSCI INDIA ETF,BUY,571776,977.4,-
01-AUG-2022,CIPLA,Cipla Ltd,ISHARES INDIA INDEX MAURITIUS COMPANY,SELL,571776,977.4,-
01-AUG-2022,POWERGRID,Power Grid Corporation of India Ltd,ISHARES INDIA 50 ETF,BUY,545990,213.95,-
01-AUG-2022,POWERGRID,Power Grid Corporation of India Ltd,ISHARES INDIA MAURITIUS CO,SELL,545990,213.95,-
01-AUG-2022,RELIANCE,Reliance Industries Ltd,ISHARES INDIA 50 ETF,BUY,536248,2509.45,-
01-AUG-2022,RELIANCE,Reliance Industries Ltd,ISHARES INDIA MAURITIUS CO,SELL,536248,2509.45,-
01-AUG-2022,SBILIFE,SBI Life Insurance Company Ltd,ISHARES INDIA INDEX MAURITIUS COMPANY,SELL,531662,1294.4,-
01-AUG-2022,SBILIFE,SBI Life Insurance Company Ltd,ISHARES MSCI INDIA ETF,BUY,531662,1294.4,-
01-AUG-2022,BIOCON,Biocon Ltd,ISHARES INDIA INDEX MAURITIUS COMPANY,SELL,496327,307.2,-
01-AUG-2022,BIOCON,Biocon Ltd,ISHARES MSCI INDIA ETF,BUY,496327,307.2,-
01-AUG-2022,CHOLAFIN,Cholamandalam Investment and Finance Company Ltd,ISHARES INDIA INDEX MAURITIUS COMPANY,SELL,484788,700.7,-
01-AUG-2022,CHOLAFIN,Cholamandalam Investment and Finance Company Ltd,ISHARES MSCI INDIA ETF,BUY,484788,700.7,-
01-AUG-2022,GODREJCP,Godrej Consumer Products Ltd,ISHARES INDIA INDEX MAURITIUS COMPANY,SELL,483123,853.75,-
01-AUG-2022,GODREJCP,Godrej Consumer Products Ltd,ISHARES MSCI INDIA ETF,BUY,483123,853.75,-
01-AUG-2022,JINDALSTEL,Jindal Steel Ltd,ISHARES INDIA INDEX MAURITIUS COMPANY,SELL,481947,389.05,-
01-AUG-2022,JINDALSTEL,Jindal Steel Ltd,ISHARES MSCI INDIA ETF,BUY,481947,389.05,-
01-AUG-2022,JUBLFOOD,Jubilant FoodWorks Ltd,ISHARES MSCI INDIA ETF,BUY,467439,550.25,-
01-AUG-2022,JUBLFOOD,Jubilant FoodWorks Ltd,ISHARES INDIA INDEX MAURITIUS COMPANY,SELL,467439,550.25,-
01-AUG-2022,ASIANPAINT,Asian Paints Ltd,ISHARES INDIA INDEX MAURITIUS COMPANY,SELL,453075,3333.75,-
01-AUG-2022,ASIANPAINT,Asian Paints Ltd,ISHARES MSCI INDIA ETF,BUY,453075,3333.75,-
01-AUG-2022,ICICIPRULI,ICICI Prudential Life Insurance Company Ltd,ISHARES MSCI INDIA ETF,BUY,425156,553.6,-
01-AUG-2022,ICICIPRULI,ICICI Prudential Life Insurance Company Ltd,ISHARES INDIA INDEX MAURITIUS COMPANY,SELL,425156,553.6,-
01-AUG-2022,TITAN,Titan Company Ltd,ISHARES INDIA INDEX MAURITIUS COMPANY,SELL,419440,2352.05,-
01-AUG-2022,TITAN,Titan Company Ltd,ISHARES MSCI INDIA ETF,BUY,419440,2352.05,-
01-AUG-2022,AXISBANK,AXIS Bank Ltd,ISHARES INDIA 50 ETF,BUY,414853,724.75,-
01-AUG-2022,AXISBANK,AXIS Bank Ltd,ISHARES INDIA MAURITIUS CO,SELL,414853,724.75,-
01-AUG-2022,BHARTIARTL,Bharti Airtel Ltd,ISHARES INDIA MAURITIUS CO,SELL,373744,677.95,-
01-AUG-2022,BHARTIARTL,Bharti Airtel Ltd,ISHARES INDIA 50 ETF,BUY,373744,677.95,-
01-AUG-2022,IGL,Indraprastha Gas Ltd,ISHARES MSCI INDIA ETF,BUY,371973,346.35,-
01-AUG-2022,IGL,Indraprastha Gas Ltd,ISHARES INDIA INDEX MAURITIUS COMPANY,SELL,371973,346.35,-
01-AUG-2022,ADANIGREEN,Adani Green Energy Ltd,ISHARES MSCI INDIA ETF,BUY,369464,2174.7,-
01-AUG-2022,ADANIGREEN,Adani Green Energy Ltd,ISHARES INDIA INDEX MAURITIUS COMPANY,SELL,369464,2174.7,-
01-AUG-2022,UNITDSPR,United Spirits Ltd,ISHARES MSCI INDIA ETF,BUY,343217,779.0,-
01-AUG-2022,UNITDSPR,United Spirits Ltd,ISHARES INDIA INDEX MAURITIUS COMPANY,SELL,343217,779.0,-
01-AUG-2022,ADANIENT,Adani Enterprises Ltd,ISHARES INDIA INDEX MAURITIUS COMPANY,SELL,324759,2569.2,-
01-AUG-2022,ADANIENT,Adani Enterprises Ltd,ISHARES MSCI INDIA ETF,BUY,324759,2569.2,-
01-AUG-2022,ATGL,Adani Total Gas Ltd,ISHARES MSCI INDIA ETF,BUY,324759,3127.2,-
01-AUG-2022,ATGL,Adani Total Gas Ltd,ISHARES INDIA INDEX MAURITIUS COMPANY,SELL,324759,3127.2,-
01-AUG-2022,ADANIENSOL,Adani Energy Solutions Ltd,ISHARES INDIA INDEX MAURITIUS COMPANY,SELL,324759,3109.6,-
01-AUG-2022,ADANIENSOL,Adani Energy Solutions Ltd,ISHARES MSCI INDIA ETF,BUY,324759,3109.6,-
01-AUG-2022,CONCOR,Container Corporation of India Ltd,ISHARES INDIA INDEX MAURITIUS COMPANY,SELL,324158,712.75,-
01-AUG-2022,CONCOR,Container Corporation of India Ltd,ISHARES MSCI INDIA ETF,BUY,324158,712.75,-
01-AUG-2022,BAJFINANCE,Bajaj Finance Ltd,ISHARES INDIA INDEX MAURITIUS COMPANY,SELL,320500,7209.1,-
01-AUG-2022,BAJFINANCE,Bajaj Finance Ltd,ISHARES MSCI INDIA ETF,BUY,320500,7209.1,-
01-AUG-2022,AUROPHARMA,Aurobindo Pharma Ltd,ISHARES INDIA INDEX MAURITIUS COMPANY,SELL,311433,547.0,-
01-AUG-2022,AUROPHARMA,Aurobindo Pharma Ltd,ISHARES MSCI INDIA ETF,BUY,311433,547.0,-
01-AUG-2022,GRASIM,Grasim Industries Ltd,ISHARES INDIA INDEX MAURITIUS COMPANY,SELL,311012,1573.0,-
01-AUG-2022,GRASIM,Grasim Industries Ltd,ISHARES MSCI INDIA ETF,BUY,311012,1573.0,-
01-AUG-2022,BHARATFORG,Bharat Forge Ltd,ISHARES MSCI INDIA ETF,BUY,302713,733.0,-
01-AUG-2022,BHARATFORG,Bharat Forge Ltd,ISHARES INDIA INDEX MAURITIUS COMPANY,SELL,302713,733.0,-
01-AUG-2022,HAVELLS,Havells India Ltd,ISHARES INDIA INDEX MAURITIUS COMPANY,SELL,295883,1249.35,-
01-AUG-2022,HAVELLS,Havells India Ltd,ISHARES MSCI INDIA ETF,BUY,295883,1249.35,-
01-AUG-2022,BERGEPAINT,Berger Paints India Ltd,ISHARES INDIA INDEX MAURITIUS COMPANY,SELL,286819,624.7,-
01-AUG-2022,BERGEPAINT,Berger Paints India Ltd,ISHARES MSCI INDIA ETF,BUY,286819,624.7,-
01-AUG-2022,HDFC,Housing Development Finance Corporation Ltd,ISHARES INDIA MAURITIUS CO,SELL,284928,2377.8,-
01-AUG-2022,HDFC,Housing Development Finance Corporation Ltd,ISHARES INDIA 50 ETF,BUY,284928,2377.8,-
01-AUG-2022,ICICIGI,ICICI Lombard General Insurance Company Ltd,ISHARES MSCI INDIA ETF,BUY,284815,1219.9,-
01-AUG-2022,ICICIGI,ICICI Lombard General Insurance Company Ltd,ISHARES INDIA INDEX MAURITIUS COMPANY,SELL,284815,1219.9,-
01-AUG-2022,IRCTC,Indian Railway Catering and Tourism Corporation Ltd,ISHARES INDIA INDEX MAURITIUS COMPANY,SELL,283472,637.1,-
01-AUG-2022,IRCTC,Indian Railway Catering and Tourism Corporation Ltd,ISHARES MSCI INDIA ETF,BUY,283472,637.1,-
01-AUG-2022,SBICARD,SBI Cards and Payment Services Ltd,ISHARES INDIA INDEX MAURITIUS COMPANY,SELL,278270,939.25,-
01-AUG-2022,SBICARD,SBI Cards and Payment Services Ltd,ISHARES MSCI INDIA ETF,BUY,278270,939.25,-
01-AUG-2022,TMPV,Tata Motors Passenger Vehicles Ltd,ISHARES INDIA 50 ETF,BUY,275788,449.6,-
01-AUG-2022,TMPV,Tata Motors Passenger Vehicles Ltd,ISHARES INDIA MAURITIUS CO,SELL,275788,449.6,-
01-AUG-2022,LUPIN,Lupin Ltd,ISHARES MSCI INDIA ETF,BUY,241514,644.1,-
01-AUG-2022,LUPIN,Lupin Ltd,ISHARES INDIA INDEX MAURITIUS COMPANY,SELL,241514,644.1,-
01-AUG-2022,WIPRO,Wipro Ltd,ISHARES INDIA 50 ETF,BUY,237110,423.7,-
01-AUG-2022,WIPRO,Wipro Ltd,ISHARES INDIA MAURITIUS CO,SELL,237110,423.7,-
01-AUG-2022,KOTAKBANK,Kotak Mahindra Bank Ltd,ISHARES INDIA 50 ETF,BUY,228495,1810.35,-
01-AUG-2022,KOTAKBANK,Kotak Mahindra Bank Ltd,ISHARES INDIA MAURITIUS CO,SELL,228495,1810.35,-
01-AUG-2022,SHRIRAMFIN,Shriram Finance Ltd,ISHARES INDIA INDEX MAURITIUS COMPANY,SELL,223616,1379.75,-
01-AUG-2022,SHRIRAMFIN,Shriram Finance Ltd,ISHARES MSCI INDIA ETF,BUY,223616,1379.75,-
01-AUG-2022,TRENT,Trent Ltd,ISHARES MSCI INDIA ETF,BUY,214025,1268.6,-
01-AUG-2022,TRENT,Trent Ltd,ISHARES INDIA INDEX MAURITIUS COMPANY,SELL,214025,1268.6,-
01-AUG-2022,DMART,Avenue Supermarts Ltd,ISHARES MSCI INDIA ETF,BUY,191281,4243.85,-
01-AUG-2022,DMART,Avenue Supermarts Ltd,ISHARES INDIA INDEX MAURITIUS COMPANY,SELL,191281,4243.85,-
01-AUG-2022,LT,Larsen & Toubro Ltd,ISHARES INDIA 50 ETF,BUY,187939,1808.05,-
01-AUG-2022,LT,Larsen & Toubro Ltd,ISHARES INDIA MAURITIUS CO,SELL,187939,1808.05,-
01-AUG-2022,AUBANK,AU Small Finance Bank Ltd,ISHARES MSCI INDIA ETF,BUY,186158,592.05,-
01-AUG-2022,AUBANK,AU Small Finance Bank Ltd,ISHARES INDIA INDEX MAURITIUS COMPANY,SELL,186158,592.05,-
01-AUG-2022,PIDILITIND,Pidilite Industries Ltd,ISHARES INDIA INDEX MAURITIUS COMPANY,SELL,180067,2451.25,-
01-AUG-2022,PIDILITIND,Pidilite Industries Ltd,ISHARES MSCI INDIA ETF,BUY,180067,2451.25,-
01-AUG-2022,SRF,SRF Ltd,ISHARES MSCI INDIA ETF,BUY,175060,2428.3,-
01-AUG-2022,SRF,SRF Ltd,ISHARES INDIA INDEX MAURITIUS COMPANY,SELL,175060,2428.3,-
01-AUG-2022,HCLTECH,HCL Technologies Ltd,ISHARES INDIA MAURITIUS CO,SELL,168923,948.4,-
01-AUG-2022,HCLTECH,HCL Technologies Ltd,ISHARES INDIA 50 ETF,BUY,168923,948.4,-
01-AUG-2022,SUNPHARMA,Sun Pharmaceutical Industries Ltd,ISHARES INDIA 50 ETF,BUY,167748,943.2,-
01-AUG-2022,SUNPHARMA,Sun Pharmaceutical Industries Ltd,ISHARES INDIA MAURITIUS CO,SELL,167748,943.2,-
01-AUG-2022,TCS,Tata Consultancy Services Ltd,ISHARES INDIA 50 ETF,BUY,163201,3301.9,-
01-AUG-2022,TCS,Tata Consultancy Services Ltd,ISHARES INDIA MAURITIUS CO,SELL,163201,3301.9,-
01-AUG-2022,EICHERMOT,Eicher Motors Ltd,ISHARES INDIA INDEX MAURITIUS COMPANY,SELL,161477,3093.45,-
01-AUG-2022,EICHERMOT,Eicher Motors Ltd,ISHARES MSCI INDIA ETF,BUY,161477,3093.45,-
01-AUG-2022,DIVISLAB,Divis Laboratories Ltd,ISHARES INDIA INDEX MAURITIUS COMPANY,SELL,156778,3831.65,-
01-AUG-2022,DIVISLAB,Divis Laboratories Ltd,ISHARES MSCI INDIA ETF,BUY,156778,3831.65,-
01-AUG-2022,M&M,Mahindra & Mahindra Ltd,ISHARES INDIA 50 ETF,BUY,152293,1164.45,-
01-AUG-2022,M&M,Mahindra & Mahindra Ltd,ISHARES INDIA MAURITIUS CO,SELL,152293,1164.45,-
01-AUG-2022,GODREJPROP,Godrej Properties Ltd,ISHARES MSCI INDIA ETF,BUY,147864,1507.6,-
01-AUG-2022,GODREJPROP,Godrej Properties Ltd,ISHARES INDIA INDEX MAURITIUS COMPANY,SELL,147864,1507.6,-
01-AUG-2022,COLPAL,Colgate Palmolive (India) Ltd,ISHARES MSCI INDIA ETF,BUY,144736,1586.55,-
01-AUG-2022,COLPAL,Colgate Palmolive (India) Ltd,ISHARES INDIA INDEX MAURITIUS COMPANY,SELL,144736,1586.55,-
01-AUG-2022,MARUTI,Maruti Suzuki India Ltd,ISHARES INDIA INDEX MAURITIUS COMPANY,SELL,142719,8773.55,-
01-AUG-2022,MARUTI,Maruti Suzuki India Ltd,ISHARES MSCI INDIA ETF,BUY,142719,8773.55,-
01-AUG-2022,MUTHOOTFIN,Muthoot Finance Ltd,ISHARES MSCI INDIA ETF,BUY,142198,1065.65,-
01-AUG-2022,MUTHOOTFIN,Muthoot Finance Ltd,ISHARES INDIA INDEX MAURITIUS COMPANY,SELL,142198,1065.65,-
01-AUG-2022,HINDUNILVR,Hindustan Unilever Ltd,ISHARES INDIA MAURITIUS CO,SELL,141073,2637.4,-
01-AUG-2022,HINDUNILVR,Hindustan Unilever Ltd,ISHARES INDIA 50 ETF,BUY,141073,2637.4,-
01-AUG-2022,PEL,Piramal Enterprises Ltd,ISHARES MSCI INDIA ETF,BUY,140171,1770.05,-
01-AUG-2022,PEL,Piramal Enterprises Ltd,ISHARES INDIA INDEX MAURITIUS COMPANY,SELL,140171,1770.05,-
01-AUG-2022,DRREDDY,Dr Reddys Laboratories Ltd,ISHARES MSCI INDIA ETF,BUY,137594,4090.35,-
01-AUG-2022,DRREDDY,Dr Reddys Laboratories Ltd,ISHARES INDIA INDEX MAURITIUS COMPANY,SELL,137594,4090.35,-
01-AUG-2022,HEROMOTOCO,Hero MotoCorp Ltd,ISHARES MSCI INDIA ETF,BUY,129803,2818.05,-
01-AUG-2022,HEROMOTOCO,Hero MotoCorp Ltd,ISHARES INDIA INDEX MAURITIUS COMPANY,SELL,129803,2818.05,-
01-AUG-2022,INDUSINDBK,Indusind Bank Ltd,ISHARES INDIA 50 ETF,BUY,128165,1043.5,-
01-AUG-2022,INDUSINDBK,Indusind Bank Ltd,ISHARES INDIA MAURITIUS CO,SELL,128165,1043.5,-
01-AUG-2022,BRITANNIA,Britannia Industries Ltd,ISHARES MSCI INDIA ETF,BUY,128026,3900.4,-
01-AUG-2022,BRITANNIA,Britannia Industries Ltd,ISHARES INDIA INDEX MAURITIUS COMPANY,SELL,128026,3900.4,-
01-AUG-2022,TORNTPHARM,Torrent Pharmaceuticals Ltd,ISHARES MSCI INDIA ETF,BUY,120521,1528.8,-
01-AUG-2022,TORNTPHARM,Torrent Pharmaceuticals Ltd,ISHARES INDIA INDEX MAURITIUS COMPANY,SELL,120521,1528.8,-
01-AUG-2022,ULTRACEMCO,UltraTech Cement Ltd,ISHARES INDIA INDEX MAURITIUS COMPANY,SELL,119336,6544.8,-
01-AUG-2022,ULTRACEMCO,UltraTech Cement Ltd,ISHARES MSCI INDIA ETF,BUY,119336,6544.8,-
01-AUG-2022,APOLLOHOSP,Apollo Hospitals Enterprise Ltd,ISHARES INDIA INDEX MAURITIUS COMPANY,SELL,118881,4212.3,-
01-AUG-2022,APOLLOHOSP,Apollo Hospitals Enterprise Ltd,ISHARES MSCI INDIA ETF,BUY,118881,4212.3,-
01-AUG-2022,INDIGO,InterGlobe Aviation Ltd,ISHARES INDIA INDEX MAURITIUS COMPANY,SELL,113836,1867.95,-
01-AUG-2022,INDIGO,InterGlobe Aviation Ltd,ISHARES MSCI INDIA ETF,BUY,113836,1867.95,-
01-AUG-2022,MPHASIS,Mphasis Ltd,ISHARES INDIA INDEX MAURITIUS COMPANY,SELL,99910,2299.8,-
01-AUG-2022,MPHASIS,Mphasis Ltd,ISHARES MSCI INDIA ETF,BUY,99910,2299.8,-
01-AUG-2022,TECHM,Tech Mahindra Ltd,ISHARES INDIA 50 ETF,BUY,98858,1048.65,-
01-AUG-2022,TECHM,Tech Mahindra Ltd,ISHARES INDIA MAURITIUS CO,SELL,98858,1048.65,-
01-AUG-2022,BALKRISIND,Balkrishna Industries Ltd-$,ISHARES MSCI INDIA ETF,BUY,91430,2311.25,-
01-AUG-2022,BALKRISIND,Balkrishna Industries Ltd-$,ISHARES INDIA INDEX MAURITIUS COMPANY,SELL,91430,2311.25,-
01-AUG-2022,PIIND,PI Industries Ltd,ISHARES INDIA INDEX MAURITIUS COMPANY,SELL,89495,3089.9,-
01-AUG-2022,PIIND,PI Industries Ltd,ISHARES MSCI INDIA ETF,BUY,89495,3089.9,-
01-AUG-2022,ACC,ACC Ltd,ISHARES MSCI INDIA ETF,BUY,88796,2227.4,-
01-AUG-2022,ACC,ACC Ltd,ISHARES INDIA INDEX MAURITIUS COMPANY,SELL,88796,2227.4,-
01-AUG-2022,SIEMENS,Siemens Ltd,ISHARES MSCI INDIA ETF,BUY,84222,2694.2,-
01-AUG-2022,SIEMENS,Siemens Ltd,ISHARES INDIA INDEX MAURITIUS COMPANY,SELL,84222,2694.2,-
01-AUG-2022,NAUKRI,Info Edge (India) Ltd,ISHARES INDIA INDEX MAURITIUS COMPANY,SELL,83664,4336.4,-
01-AUG-2022,NAUKRI,Info Edge (India) Ltd,ISHARES MSCI INDIA ETF,BUY,83664,4336.4,-
01-AUG-2022,BAJAJ-AUTO,Bajaj Auto Ltd,ISHARES INDIA INDEX MAURITIUS COMPANY,SELL,82023,3914.45,-
01-AUG-2022,BAJAJ-AUTO,Bajaj Auto Ltd,ISHARES MSCI INDIA ETF,BUY,82023,3914.45,-
01-AUG-2022,MINDTREE,MindTree Ltd,ISHARES INDIA INDEX MAURITIUS COMPANY,SELL,77970,3413.5,-
01-AUG-2022,MINDTREE,MindTree Ltd,ISHARES MSCI INDIA ETF,BUY,77970,3413.5,-
01-AUG-2022,ASIANPAINT,Asian Paints Ltd,ISHARES INDIA 50 ETF,BUY,71183,3333.75,-
01-AUG-2022,ASIANPAINT,Asian Paints Ltd,ISHARES INDIA MAURITIUS CO,SELL,71183,3333.75,-
01-AUG-2022,TITAN,Titan Company Ltd,ISHARES INDIA MAURITIUS CO,SELL,66487,2352.05,-
01-AUG-2022,TITAN,Titan Company Ltd,ISHARES INDIA 50 ETF,BUY,66487,2352.05,-
01-AUG-2022,LTM,LTM Ltd,ISHARES INDIA INDEX MAURITIUS COMPANY,SELL,62074,4730.75,-
01-AUG-2022,LTM,LTM Ltd,ISHARES MSCI INDIA ETF,BUY,62074,4730.75,-
01-AUG-2022,BAJAJFINSV,Bajaj Finserv Ltd,ISHARES MSCI INDIA ETF,BUY,45113,15047.6,-
01-AUG-2022,BAJAJFINSV,Bajaj Finserv Ltd,ISHARES INDIA INDEX MAURITIUS COMPANY,SELL,45113,15047.6,-
01-AUG-2022,BAJFINANCE,Bajaj Finance Ltd,ISHARES INDIA 50 ETF,BUY,42003,7209.1,-
01-AUG-2022,BAJFINANCE,Bajaj Finance Ltd,ISHARES INDIA MAURITIUS CO,SELL,42003,7209.1,-
01-AUG-2022,TATAELXSI,Tata Elxsi Ltd,ISHARES MSCI INDIA ETF,BUY,40455,8690.05,-
01-AUG-2022,TATAELXSI,Tata Elxsi Ltd,ISHARES INDIA INDEX MAURITIUS COMPANY,SELL,40455,8690.05,-
01-AUG-2022,NESTLEIND,Nestle India Ltd,ISHARES MSCI INDIA ETF,BUY,39862,19359.1,-
01-AUG-2022,NESTLEIND,Nestle India Ltd,ISHARES INDIA INDEX MAURITIUS COMPANY,SELL,39862,19359.1,-
01-AUG-2022,MARUTI,Maruti Suzuki India Ltd,ISHARES INDIA MAURITIUS CO,SELL,21128,8773.55,-
01-AUG-2022,MARUTI,Maruti Suzuki India Ltd,ISHARES INDIA 50 ETF,BUY,21128,8773.55,-
01-AUG-2022,ULTRACEMCO,UltraTech Cement Ltd,ISHARES INDIA 50 ETF,BUY,18329,6544.8,-
01-AUG-2022,ULTRACEMCO,UltraTech Cement Ltd,ISHARES INDIA MAURITIUS CO,SELL,18329,6544.8,-
01-AUG-2022,SHREECEM,Shree Cement Ltd,ISHARES MSCI INDIA ETF,BUY,12782,20498.0,-
01-AUG-2022,SHREECEM,Shree Cement Ltd,ISHARES INDIA INDEX MAURITIUS COMPANY,SELL,12782,20498.0,-
01-AUG-2022,BAJAJFINSV,Bajaj Finserv Ltd,ISHARES INDIA MAURITIUS CO,SELL,9608,15047.6,-
01-AUG-2022,BAJAJFINSV,Bajaj Finserv Ltd,ISHARES INDIA 50 ETF,BUY,9608,15047.6,-
01-AUG-2022,PAGEIND,Page Industries Ltd,ISHARES MSCI INDIA ETF,BUY,7248,48873.0,-
01-AUG-2022,PAGEIND,Page Industries Ltd,ISHARES INDIA INDEX MAURITIUS COMPANY,SELL,7248,48873.0,-
01-AUG-2022,NESTLEIND,Nestle India Ltd,ISHARES INDIA 50 ETF,BUY,5679,19359.1,-
01-AUG-2022,NESTLEIND,Nestle India Ltd,ISHARES INDIA MAURITIUS CO,SELL,5679,19359.1,-
01-AUG-2022,MRF,MRF Ltd,ISHARES MSCI INDIA ETF,BUY,2253,83818.15,-
01-AUG-2022,MRF,MRF Ltd,ISHARES INDIA INDEX MAURITIUS COMPANY,SELL,2253,83818.15,-
02-AUG-2022,HCLTECH,HCL Technologies Ltd,VAMA SUNDARI INVESTMENTS (DELHI) PRIVATE LIMITED,BUY,4131914,950.0,-
02-AUG-2022,HCLTECH,HCL Technologies Ltd,KIRAN NADAR MUSEUM OF ART,SELL,4131914,950.0,-
08-AUG-2022,IRCTC,Indian Railway Catering and Tourism Corporation Ltd,ISHARES MSCI INDIA ETF,BUY,283473,642.35,-
08-AUG-2022,IRCTC,Indian Railway Catering and Tourism Corporation Ltd,ISHARES INDIA INDEX MAURITIUS COMPANY,SELL,283473,642.35,-
12-AUG-2022,SANGHIIND,Sanghi Industries Ltd,FLAREZEAL SOLUTIONS LLP,BUY,4000000,42.4,-
12-AUG-2022,SANGHIIND,Sanghi Industries Ltd,KACHCHH HOSPITALITY PRIVATE LIMITED,SELL,4000000,42.4,-
01-SEP-2022,ETERNAL,Eternal Ltd,INCOME INSURANCE LIMITED,BUY,12842014,61.0,-
01-SEP-2022,ETERNAL,Eternal Ltd,NTUC INCOME INSURANCE CO-OPERATIVE LIMITED,SELL,12842014,61.0,-
01-SEP-2022,ICICIBANK,ICICI Bank Ltd,INCOME INSURANCE LIMITED,BUY,3363520,873.55,-
01-SEP-2022,ICICIBANK,ICICI Bank Ltd,NTUC INCOME INSURANCE CO-OPERATIVE LIMITED,SELL,3363520,873.55,-
01-SEP-2022,DODLA,Dodla Dairy Ltd,STEINBERG INDIA EMERGING OPPORTUNITIES FUND LIMITED,BUY,1499999,509.0,-
01-SEP-2022,DODLA,Dodla Dairy Ltd,TPG DODLA DAIRY HOLDINGS PTE. LTD.,SELL,1499999,509.0,-
01-SEP-2022,BHARTIARTL,Bharti Airtel Ltd,INCOME INSURANCE LIMITED,BUY,1182600,734.9,-
01-SEP-2022,BHARTIARTL,Bharti Airtel Ltd,NTUC INCOME INSURANCE CO-OPERATIVE LIMITED,SELL,1182532,734.9,-
01-SEP-2022,DODLA,Dodla Dairy Ltd,PLUTUS WEALTH MANAGEMENT LLP,BUY,792072,509.0,-
01-SEP-2022,DODLA,Dodla Dairy Ltd,TPG DODLA DAIRY HOLDINGS PTE. LTD.,SELL,792072,509.0,-
01-SEP-2022,RELIANCE,Reliance Industries Ltd,INCOME INSURANCE LIMITED,BUY,693842,2562.45,-
01-SEP-2022,RELIANCE,Reliance Industries Ltd,NTUC INCOME INSURANCE CO-OPERATIVE LIMITED,SELL,693842,2562.45,-
01-SEP-2022,HDFCBANK,HDFC Bank Ltd,INCOME INSURANCE LIMITED,BUY,660034,1465.4,-
01-SEP-2022,HDFCBANK,HDFC Bank Ltd,NTUC INCOME INSURANCE CO-OPERATIVE LIMITED,SELL,660034,1465.4,-
01-SEP-2022,HDFC,Housing Development Finance Corporation Ltd,INCOME INSURANCE LIMITED,BUY,468771,2400.5,-
01-SEP-2022,HDFC,Housing Development Finance Corporation Ltd,NTUC INCOME INSURANCE CO-OPERATIVE LIMITED,SELL,468771,2400.5,-
01-SEP-2022,ETERNAL,Eternal Ltd,NTUC INCOME INSURANCE CO OPERATIVE LIMITED,SELL,432081,61.0,-
01-SEP-2022,ETERNAL,Eternal Ltd,INCOME INSURANCE LIMITED,BUY,432081,61.0,-
01-SEP-2022,LT,Larsen & Toubro Ltd,NTUC INCOME INSURANCE CO-OPERATIVE LIMITED,SELL,395481,1902.35,-
01-SEP-2022,LT,Larsen & Toubro Ltd,INCOME INSURANCE LIMITED,BUY,395481,1902.35,-
01-SEP-2022,HINDUNILVR,Hindustan Unilever Ltd,INCOME INSURANCE LIMITED,BUY,378212,2598.05,-
01-SEP-2022,HINDUNILVR,Hindustan Unilever Ltd,NTUC INCOME INSURANCE CO-OPERATIVE LIMITED,SELL,378212,2598.05,-
01-SEP-2022,DODLA,Dodla Dairy Ltd,TPG DODLA DAIRY HOLDINGS PTE. LTD.,SELL,274999,509.0,-
01-SEP-2022,DODLA,Dodla Dairy Ltd,NEW MARK CAPITAL INDIA FUND I,BUY,274999,509.0,-
01-SEP-2022,INFY,Infosys Ltd,INCOME INSURANCE LIMITED,BUY,246859,1456.4,-
01-SEP-2022,INFY,Infosys Ltd,NTUC INCOME INSURANCE CO-OPERATIVE LIMITED,SELL,246859,1456.4,-
01-SEP-2022,DODLA,Dodla Dairy Ltd,TPG DODLA DAIRY HOLDINGS PTE. LTD.,SELL,196465,509.0,-
01-SEP-2022,DODLA,Dodla Dairy Ltd,MORGAN STANLEY ASIA SINGAPORE PTE,BUY,196465,509.0,-
01-SEP-2022,DODLA,Dodla Dairy Ltd,WHITEOAK CAPITAL MUTUAL FUND,BUY,117879,509.0,-
01-SEP-2022,ICICIBANK,ICICI Bank Ltd,NTUC INCOME INSURANCE CO OPERATIVE LIMITED,SELL,113193,873.55,-
01-SEP-2022,ICICIBANK,ICICI Bank Ltd,INCOME INSURANCE LIMITED,BUY,113193,873.55,-
01-SEP-2022,DODLA,Dodla Dairy Ltd,WHITEOAK CAPITAL MUTUAL FUND,BUY,78586,509.0,-
01-SEP-2022,BHARTIARTL,Bharti Airtel Ltd,NTUC INCOME INSURANCE CO OPERATIVE LIMITED,SELL,39768,734.9,-
01-SEP-2022,BHARTIARTL,Bharti Airtel Ltd,INCOME INSURANCE LIMITED,BUY,39700,734.9,-
01-SEP-2022,RELIANCE,Reliance Industries Ltd,NTUC INCOME INSURANCE CO OPERATIVE LIMITED,SELL,23352,2562.45,-
01-SEP-2022,RELIANCE,Reliance Industries Ltd,INCOME INSURANCE LIMITED,BUY,23352,2562.45,-
01-SEP-2022,HDFCBANK,HDFC Bank Ltd,NTUC INCOME INSURANCE CO OPERATIVE LIMITED,SELL,22207,1465.4,-
01-SEP-2022,HDFCBANK,HDFC Bank Ltd,INCOME INSURANCE LIMITED,BUY,22207,1465.4,-
01-SEP-2022,HDFC,Housing Development Finance Corporation Ltd,NTUC INCOME INSURANCE CO OPERATIVE LIMITED,SELL,16243,2400.5,-
01-SEP-2022,HDFC,Housing Development Finance Corporation Ltd,INCOME INSURANCE LIMITED,BUY,16243,2400.5,-
01-SEP-2022,LT,Larsen & Toubro Ltd,INCOME INSURANCE LIMITED,BUY,13307,1902.35,-
01-SEP-2022,LT,Larsen & Toubro Ltd,NTUC INCOME INSURANCE CO OPERATIVE LIMITED,SELL,13307,1902.35,-
01-SEP-2022,HINDUNILVR,Hindustan Unilever Ltd,NTUC INCOME INSURANCE CO OPERATIVE LIMITED,SELL,12727,2598.05,-
01-SEP-2022,HINDUNILVR,Hindustan Unilever Ltd,INCOME INSURANCE LIMITED,BUY,12727,2598.05,-
01-SEP-2022,INFY,Infosys Ltd,INCOME INSURANCE LIMITED,BUY,8154,1456.4,-
01-SEP-2022,INFY,Infosys Ltd,NTUC INCOME INSURANCE CO OPERATIVE LIMITED,SELL,8154,1456.4,-
06-SEP-2022,HATSUN,Hatsun Agro Product Ltd,SBI MUTUAL FUND,BUY,1520000,987.8,-
06-SEP-2022,HATSUN,Hatsun Agro Product Ltd,RAJA GANESAN CHANDRAMOGAN,SELL,1520000,987.8,-
06-SEP-2022,HATSUN,Hatsun Agro Product Ltd,SUNDARAM MUTUAL FUND,BUY,1200000,987.8,-
06-SEP-2022,HATSUN,Hatsun Agro Product Ltd,RAJA GANESAN CHANDRAMOGAN,SELL,1200000,987.8,-
06-SEP-2022,ARVSMART,Arvind SmartSpaces Ltd,QUANT MUTUAL FUND,BUY,500000,228.5,-
06-SEP-2022,ARVSMART,Arvind SmartSpaces Ltd,KAMAL SHAMLAL SINGAL,SELL,500000,228.5,-
07-SEP-2022,CGPOWER,CG Power and Industrial Solutions Ltd,DSP MUTUAL FUND,BUY,4946380,215.0,-
07-SEP-2022,CGPOWER,CG Power and Industrial Solutions Ltd,STANDARD CHARTERED BANK (SINGAPORE) LIMITED,SELL,4946380,215.0,-
07-SEP-2022,CGPOWER,CG Power and Industrial Solutions Ltd,STANDARD CHARTERED BANK (SINGAPORE) LIMITED,SELL,3500000,215.0,-
07-SEP-2022,CGPOWER,CG Power and Industrial Solutions Ltd,HDFC LIFE INSURANCE COMPANY LIMITED,BUY,3500000,215.0,-
07-SEP-2022,BIRET,BIRET,BSREP II INDIA OFFICE HOLDINGS II PTE. LIMITED,BUY,3387637,330.0,-
07-SEP-2022,BIRET,BIRET,KAIROS PROPERTY MANAGERS PRIVATE LIMITED,SELL,3387637,330.0,-
07-SEP-2022,CGPOWER,CG Power and Industrial Solutions Ltd,DSP MUTUAL FUND,BUY,2365797,215.0,-
07-SEP-2022,CGPOWER,CG Power and Industrial Solutions Ltd,STANDARD CHARTERED BANK (SINGAPORE) LIMITED,SELL,2365797,215.0,-
07-SEP-2022,CGPOWER,CG Power and Industrial Solutions Ltd,STANDARD CHARTERED BANK (SINGAPORE) LIMITED,SELL,1549309,215.0,-
07-SEP-2022,CGPOWER,CG Power and Industrial Solutions Ltd,DSP MUTUAL FUND,BUY,1549309,215.0,-
07-SEP-2022,CGPOWER,CG Power and Industrial Solutions Ltd,DSP MUTUAL FUND,BUY,1016514,215.0,-
07-SEP-2022,CGPOWER,CG Power and Industrial Solutions Ltd,STANDARD CHARTERED BANK (SINGAPORE) LIMITED,SELL,1016514,215.0,-
07-SEP-2022,BIRET,BIRET,BSREP INDIA OFFICE HOLDINGS III PTE. LTD,BUY,800650,330.0,-
07-SEP-2022,BIRET,BIRET,BSREP MOON CI L.P.,SELL,800650,330.0,-
07-SEP-2022,CGPOWER,CG Power and Industrial Solutions Ltd,SOCIETE GENERALE,BUY,467000,215.0,-
07-SEP-2022,CGPOWER,CG Power and Industrial Solutions Ltd,STANDARD CHARTERED BANK (SINGAPORE) LIMITED,SELL,467000,215.0,-
